Country,Year,FertilityRate,GDPperCapita ,LifeExpectancy ,MortalityRate,PopulationGrowth,CivilLiberties 
Algeria,1968,7.7,281.9,49.6,244.2,2.9,6
Algeria,1969,7.7,302.8,50,242,2.9,6
Algeria,1970,7.6,336.2,50.4,238.5,2.8,6
Algeria,1971,7.6,341.4,50.8,233.6,2.8,6
Algeria,1972,7.6,442.7,51.2,227.5,2.7,6
Algeria,1973,7.6,554.3,51.7,220.2,2.7,6
Algeria,1974,7.5,818,52.2,212.1,2.8,6
Algeria,1975,7.4,936.8,52.9,203.1,2.8,6
Algeria,1976,7.3,1037.6,53.7,193.8,2.8,6
Algeria,1977,7.2,1192.7,54.6,184,2.9,6
Algeria,1978,7.1,1456.4,55.7,173.8,2.9,6
Algeria,1979,7,1782.7,56.9,162.8,3,6
Algeria,1980,6.8,2203.1,58.2,150,3,6
Algeria,1981,6.6,2237.1,59.5,135.3,3.1,6
Algeria,1982,6.4,2210.3,60.8,119.2,3.1,6
Algeria,1983,6.2,2312.7,62,102.8,3.1,6
Algeria,1984,6,2467.3,63.1,87.3,3.1,6
Algeria,1985,5.8,2582.9,64.1,74.5,3,6
Algeria,1986,5.6,2757,64.9,65,2.9,6
Algeria,1987,5.4,2807.5,65.5,58.4,2.9,6
Algeria,1988,5.2,2417.4,66.1,53.9,2.8,6
Algeria,1989,5,2216,66.6,51,2.7,4
Algeria,1990,4.7,2408.8,66.9,49.1,2.6,4
Algeria,1991,4.5,1731.6,67.3,47.7,2.5,4
Algeria,1992,4.2,1776,67.6,46.6,2.4,6
Algeria,1993,4,1807.3,67.9,45.5,2.2,6
Algeria,1994,3.7,1507.9,68.2,44.4,2.1,7
Algeria,1995,3.4,1452.3,68.5,43.3,1.9,6
Algeria,1996,3.2,1603.9,68.9,42.3,1.8,6
Algeria,1997,3,1619.8,69.3,41.4,1.6,6
Algeria,1998,2.8,1596,69.7,40.7,1.5,5
Algeria,1999,2.6,1588.3,70.2,40.2,1.4,5
Algeria,2000,2.5,1765,70.6,39.7,1.4,5
Algeria,2001,2.4,1740.6,71.1,38.9,1.3,5
Algeria,2002,2.4,1781.8,71.6,37.8,1.3,5
Algeria,2003,2.4,2103.4,72.1,36.5,1.3,5
Australia,1968,2.9,2724.4,70.9,21.9,1.8,1
Australia,1969,2.9,2991.6,71,21.7,2.1,1
Australia,1970,2.9,3305.1,71,21.5,2,1
Australia,1971,3,3495.6,71.1,21,3.4,1
Australia,1972,2.7,3950.2,71.5,20.3,1.8,1
Australia,1973,2.5,4771.7,71.8,19.4,1.5,1
Australia,1974,2.4,6484.1,72.2,18.4,2.5,1
Australia,1975,2.1,7005.9,72.6,17.3,1.2,1
Australia,1976,2.1,7489.6,73,16.2,1,1
Australia,1977,2,7778.2,73.3,15.2,1.1,1
Australia,1978,1.9,8255.7,73.7,14.4,1.2,1
Australia,1979,1.9,9297.3,74,13.6,1.1,1
Australia,1980,1.9,10211.8,74.3,13,1.2,1
Australia,1981,1.9,11854.6,74.7,12.5,1.6,1
Australia,1982,1.9,12788.5,74.9,12.2,1.7,1
Australia,1983,1.9,11538.4,75.1,11.9,1.3,1
Australia,1984,1.8,12454.6,75.4,11.6,1.1,1
Australia,1985,1.9,11459.2,75.6,11.3,1.4,1
Australia,1986,1.9,11384.9,75.9,11,1.6,1
Australia,1987,1.8,11645.5,76.2,10.6,1.5,1
Australia,1988,1.8,14279.2,76.4,10.2,1.6,1
Australia,1989,1.8,17828,76.7,9.7,1.7,1
Australia,1990,1.9,18243.5,77,9.2,1.5,1
Australia,1991,1.8,18855.8,77.3,8.7,1.3,1
Australia,1992,1.9,18604.2,77.4,8.2,1.2,1
Australia,1993,1.9,17667.2,77.9,7.7,1,1
Australia,1994,1.8,18079.4,77.9,7.3,1.1,1
Australia,1995,1.8,20358.3,77.8,7,1.2,1
Australia,1996,1.8,21904.3,78.1,6.8,1.3,1
Australia,1997,1.8,23509.4,78.5,6.6,1.1,1
Australia,1998,1.8,21346,78.6,6.4,1,1
Australia,1999,1.8,20559,78.9,6.3,1.1,1
Australia,2000,1.8,21697.7,79.2,6.2,1.2,1
Australia,2001,1.7,19527.3,79.6,6.1,1.3,1
Australia,2002,1.8,20117.8,79.9,6,1.2,1
Australia,2003,1.7,23492.4,80.2,5.9,1.2,1
Bahrain,1968,6.9,8537.7,61.6,93.5,2.3,6
Bahrain,1969,6.7,8537.7,62.6,84.5,2.6,6
Bahrain,1970,6.5,8537.7,63.4,76.3,3.1,6
Bahrain,1971,6.3,8537.7,64.3,68.9,3.6,6
Bahrain,1972,6.1,8537.7,65,62.3,3.9,6
Bahrain,1973,5.9,8537.7,65.8,56.5,4.4,5
Bahrain,1974,5.7,8537.7,66.4,51.5,5,5
Bahrain,1975,5.6,8537.7,67,47,5.6,4
Bahrain,1976,5.4,8537.7,67.6,43.2,6.3,4
Bahrain,1977,5.3,8537.7,68.2,39.9,6.6,4
Bahrain,1978,5.2,8537.7,68.7,37,6.5,4
Bahrain,1979,5,8537.7,69.1,34.4,5.8,4
Bahrain,1980,4.9,8537.7,69.6,32.2,4.9,4
Bahrain,1981,4.8,9269.3,70,30.3,3.9,5
Bahrain,1982,4.7,9446.1,70.3,28.7,3.1,5
Bahrain,1983,4.6,9421.4,70.7,27.3,2.7,5
Bahrain,1984,4.5,9590.5,71,26.1,2.7,5
Bahrain,1985,4.4,8706.8,71.2,25,3,5
Bahrain,1986,4.2,7041.6,71.5,24.2,3.3,5
Bahrain,1987,4.1,7554.9,71.7,23.7,3.5,5
Bahrain,1988,4,7958.7,72,23.4,3.5,5
Bahrain,1989,3.9,8031,72.2,23.2,3.4,5
Bahrain,1990,3.7,8529.1,72.4,23,3,5
Bahrain,1991,3.6,9055.6,72.6,22.7,2.8,5
Bahrain,1992,3.5,9082.8,72.8,22.1,2.6,5
Bahrain,1993,3.4,9698.2,73,21.1,2.5,6
Bahrain,1994,3.2,10130.4,73.2,19.7,2.5,6
Bahrain,1995,3.1,10377,73.4,18.1,2.5,6
Bahrain,1996,3.1,10544.8,73.6,16.6,2.6,6
Bahrain,1997,3,10672.2,73.8,15.2,2.8,6
Bahrain,1998,2.9,10076.3,74,14,3.1,6
Bahrain,1999,2.9,10401.6,74.2,13.1,3.7,6
Bahrain,2000,2.8,13636.4,74.4,12.5,4.3,6
Bahrain,2001,2.7,12868.2,74.6,12,4.8,5
Bahrain,2002,2.7,13049.9,74.8,11.6,5.2,5
Bahrain,2003,2.6,14222,75,11.3,5.8,5
Bangladesh,1968,6.9,122.8,47.9,229.7,3.1,2
Bangladesh,1969,6.9,135.1,47.4,228.7,2.9,2
Bangladesh,1970,6.9,140,46.9,273.8,2.4,2
Bangladesh,1971,6.9,133.6,46.6,371.3,2,2
Bangladesh,1972,6.9,94.4,46.5,227.7,1.7,2
Bangladesh,1973,6.9,119.6,46.8,227.1,1.5,4
Bangladesh,1974,6.9,182,47.4,225.9,1.6,4
Bangladesh,1975,6.8,277.6,48.3,224.2,1.9,4
Bangladesh,1976,6.8,141.2,49.4,221.8,2.2,5
Bangladesh,1977,6.7,131.4,50.5,218.6,2.5,4
Bangladesh,1978,6.6,176,51.5,214.9,2.7,4
Bangladesh,1979,6.5,200.8,52.3,210.5,2.7,4
Bangladesh,1980,6.4,227.8,52.9,205.7,2.7,3
Bangladesh,1981,6.2,247.6,53.4,200.7,2.6,4
Bangladesh,1982,6.1,220.7,53.8,195.3,2.6,5
Bangladesh,1983,5.9,204.4,54.2,189.7,2.6,5
Bangladesh,1984,5.7,214,54.7,183.9,2.6,5
Bangladesh,1985,5.5,245.5,55.2,177.8,2.6,5
Bangladesh,1986,5.3,233.7,55.8,171.5,2.6,5
Bangladesh,1987,5.1,254,56.4,165.1,2.6,5
Bangladesh,1988,4.9,270.7,57,158.7,2.6,5
Bangladesh,1989,4.7,285.8,57.6,152.4,2.5,4
Bangladesh,1990,4.5,306.3,58.2,146.1,2.4,5
Bangladesh,1991,4.3,293.2,58.9,139.8,2.3,3
Bangladesh,1992,4.1,293.6,59.6,133.5,2.2,3
Bangladesh,1993,4,300.6,60.4,127.2,2.2,4
Bangladesh,1994,3.8,299.5,61.2,120.9,2.1,4
Bangladesh,1995,3.7,329.4,62,114.7,2.1,4
Bangladesh,1996,3.6,394.7,62.8,108.6,2.1,4
Bangladesh,1997,3.5,401.5,63.6,102.6,2.1,4
Bangladesh,1998,3.4,407.4,64.3,96.8,2.1,4
Bangladesh,1999,3.3,409.5,64.9,91.3,2,4
Bangladesh,2000,3.2,418.1,65.4,86,2,4
Bangladesh,2001,3.1,415,66,81.1,1.9,4
Bangladesh,2002,3,413.1,66.4,76.5,1.8,4
Bangladesh,2003,2.9,446.3,66.9,72.3,1.7,4
Barbados,1968,3.5,1274.5,68.2,52.8,0.2,1
Barbados,1969,3.3,1274.5,68.4,50.3,0.3,1
Barbados,1970,3.1,1274.5,68.7,47.9,0.4,1
Barbados,1971,2.9,1274.5,68.9,45.5,0.5,1
Barbados,1972,2.8,1274.5,69.1,43.1,0.6,1
Barbados,1973,2.6,1274.5,69.4,40.8,0.6,1
Barbados,1974,2.5,1274.5,69.8,38.6,0.6,1
Barbados,1975,2.4,1633.8,70.1,36.4,0.6,1
Barbados,1976,2.3,1760.7,70.5,34.3,0.6,1
Barbados,1977,2.2,1988.9,70.9,32.3,0.5,1
Barbados,1978,2.1,2209.8,71.4,30.4,0.5,1
Barbados,1979,2.1,2667.1,71.8,28.6,0.5,1
Barbados,1980,2,4010.8,72.2,26.9,0.4,2
Barbados,1981,2,4398.8,72.6,25.5,0.4,2
Barbados,1982,1.9,4581,73,24.4,0.3,1
Barbados,1983,1.9,4851.1,73.3,23.4,0.3,1
Barbados,1984,1.9,5271.7,73.6,22.6,0.3,1
Barbados,1985,1.8,5500.4,73.8,21.9,0.3,1
Barbados,1986,1.8,6019.7,74,21.2,0.3,1
Barbados,1987,1.8,6605.8,74.2,20.4,0.3,1
Barbados,1988,1.8,6999.9,74.4,19.7,0.4,1
Barbados,1989,1.8,7717.2,74.5,18.9,0.4,1
Barbados,1990,1.7,7711.3,74.7,18.1,0.4,1
Barbados,1991,1.7,7714.7,74.9,17.4,0.4,1
Barbados,1992,1.7,7444.2,75.1,16.6,0.4,1
Barbados,1993,1.7,7819.6,75.3,16,0.4,1
Barbados,1994,1.7,8121.6,75.6,15.5,0.4,1
Barbados,1995,1.7,8335.9,75.9,15.2,0.4,1
Barbados,1996,1.7,8851,76.1,14.9,0.4,1
Barbados,1997,1.7,9316,76.4,14.8,0.4,1
Barbados,1998,1.8,10459.4,76.7,14.8,0.4,1
Barbados,1999,1.8,10914.3,76.9,14.9,0.4,1
Barbados,2000,1.8,11268.4,77.2,15.1,0.4,1
Barbados,2001,1.8,11209.4,77.4,15.3,0.4,1
Barbados,2002,1.8,11361.5,77.5,15.5,0.3,1
Barbados,2003,1.8,11699.4,77.7,15.7,0.3,1
Belgium,1968,2.3,2222.4,70.7,25.5,0.4,1
Belgium,1969,2.3,2458.1,70.8,24.8,0.3,1
Belgium,1970,2.3,2765.9,71,24,0.1,1
Belgium,1971,2.2,3082.9,71.1,23.1,0.2,1
Belgium,1972,2.1,3831.6,71.4,22,0.4,1
Belgium,1973,2,4901,71.6,20.8,0.3,1
Belgium,1974,1.8,5733.8,72,19.6,0.3,1
Belgium,1975,1.7,6701.4,72,18.5,0.3,1
Belgium,1976,1.7,7243,72.1,17.5,0.2,1
Belgium,1977,1.7,8426.9,72.8,16.7,0.1,1
Belgium,1978,1.7,10289.8,72.7,15.9,0.1,1
Belgium,1979,1.7,11810.6,73.2,15.2,0.1,1
Belgium,1980,1.7,12864,73.2,14.6,0.1,1
Belgium,1981,1.7,10622.8,73.6,13.9,0,1
Belgium,1982,1.6,9343.9,73.9,13.3,0,1
Belgium,1983,1.6,8846.2,73.9,12.7,0,1
Belgium,1984,1.5,8457.3,74.4,12.2,0,1
Belgium,1985,1.5,8750.8,74.5,11.7,0,1
Belgium,1986,1.5,12170,74.7,11.4,0,1
Belgium,1987,1.5,15135.9,75.4,11,0.1,1
Belgium,1988,1.6,16391.1,75.6,10.7,0.3,1
Belgium,1989,1.6,16525.1,75.6,10.3,0.4,1
Belgium,1990,1.6,20600.4,76.1,10,0.3,1
Belgium,1991,1.7,21041.7,76.2,9.7,0.4,1
Belgium,1992,1.7,23372.6,76.4,9.3,0.4,1
Belgium,1993,1.6,22283.9,76.3,8.8,0.4,1
Belgium,1994,1.6,24208.6,76.7,8.2,0.3,1
Belgium,1995,1.6,28413.8,76.8,7.6,0.2,1
Belgium,1996,1.6,27489.6,77.2,7.1,0.2,2
Belgium,1997,1.6,24820.9,77.4,6.6,0.2,2
Belgium,1998,1.6,25338.4,77.5,6.3,0.2,2
Belgium,1999,1.6,25244.3,77.6,6,0.2,2
Belgium,2000,1.7,23041.5,77.7,5.8,0.2,2
Belgium,2001,1.7,22995.2,78,5.6,0.3,2
Belgium,2002,1.7,24887.6,78.1,5.4,0.4,1
Belgium,2003,1.7,30587.7,78.1,5.2,0.4,1
Brazil,1968,5.3,375.4,58,139.7,2.6,5
Brazil,1969,5.1,400.8,58.5,136.5,2.6,5
Brazil,1970,5,445,58.9,133.1,2.5,5
Brazil,1971,4.8,501.3,59.3,129.7,2.5,5
Brazil,1972,4.7,585.2,59.7,126.3,2.4,5
Brazil,1973,4.6,817.5,60.1,122.9,2.4,5
Brazil,1974,4.5,1048.6,60.5,119.5,2.4,5
Brazil,1975,4.4,1205.1,60.9,116.1,2.4,4
Brazil,1976,4.3,1395.1,61.2,112.6,2.4,5
Brazil,1977,4.3,1568.5,61.6,108.9,2.4,5
Brazil,1978,4.2,1739.7,61.9,104.9,2.4,5
Brazil,1979,4.1,1877.7,62.3,100.7,2.4,4
Brazil,1980,4,1966.9,62.6,96.3,2.4,3
Brazil,1981,3.9,2088,63,91.9,2.4,3
Brazil,1982,3.8,2144.8,63.3,87.7,2.3,3
Brazil,1983,3.7,1465.1,63.7,83.8,2.3,3
Brazil,1984,3.6,1422.7,64,80.3,2.2,3
Brazil,1985,3.5,1558.9,64.4,77,2.2,2
Brazil,1986,3.3,1857.1,64.8,74,2.1,2
Brazil,1987,3.2,2009,65.2,71.2,2,2
Brazil,1988,3.1,2146.8,65.6,68.5,1.9,3
Brazil,1989,3,2371.6,65.9,65.8,1.9,2
Brazil,1990,2.9,2622.3,66.3,63.1,1.8,3
Brazil,1991,2.8,2259.2,66.7,60.4,1.8,3
Brazil,1992,2.8,2127.5,67.1,57.4,1.7,3
Brazil,1993,2.7,2348.1,67.5,54.3,1.7,4
Brazil,1994,2.6,3295.2,67.9,51.1,1.6,4
Brazil,1995,2.6,4748.4,68.3,48,1.6,4
Brazil,1996,2.5,5166.2,68.7,45,1.6,4
Brazil,1997,2.5,5282,69.1,42.2,1.6,4
Brazil,1998,2.4,5087.1,69.4,39.6,1.5,4
Brazil,1999,2.4,3479.8,69.8,37.1,1.5,4
Brazil,2000,2.3,3749.9,70.1,34.7,1.4,3
Brazil,2001,2.2,3160.2,70.5,32.5,1.4,3
Brazil,2002,2.2,2839.5,70.8,30.4,1.3,3
Brazil,2003,2.1,3070.4,71.2,28.4,1.3,3
Brunei Darussalam,1968,5.9,1364.1,61.4,60.8,4.7,6
Brunei Darussalam,1969,5.8,1304.3,62,57.6,4.7,6
Brunei Darussalam,1970,5.7,1382.5,62.6,54,4.7,6
Brunei Darussalam,1971,5.6,1455.9,63.1,50.1,4.6,6
Brunei Darussalam,1972,5.5,1907,63.7,45.9,4.6,6
Brunei Darussalam,1973,5.4,2916.1,64.2,41.6,4.5,5
Brunei Darussalam,1974,5.2,6923.2,64.7,37.5,4.3,5
Brunei Darussalam,1975,5,7228,65.2,33.7,4.1,5
Brunei Darussalam,1976,4.8,8461.9,65.7,30.4,4,5
Brunei Darussalam,1977,4.6,9917.3,66.2,27.4,3.8,5
Brunei Darussalam,1978,4.4,10715.2,66.6,24.9,3.6,6
Brunei Darussalam,1979,4.2,14945.8,67,22.6,3.5,6
Brunei Darussalam,1980,4.1,25422,67.4,20.7,3.3,6
Brunei Darussalam,1981,3.9,21828.1,67.8,19,3.1,6
Brunei Darussalam,1982,3.8,20693.8,68.1,17.6,3,6
Brunei Darussalam,1983,3.8,18129.2,68.4,16.5,2.9,6
Brunei Darussalam,1984,3.7,17337,68.7,15.6,2.8,6
Brunei Darussalam,1985,3.6,15699.6,69,14.8,2.8,5
Brunei Darussalam,1986,3.5,10214,69.2,14.2,2.8,5
Brunei Darussalam,1987,3.5,11594.6,69.5,13.8,2.8,5
Brunei Darussalam,1988,3.4,11009.3,69.7,13.5,2.8,6
Brunei Darussalam,1989,3.4,11872.7,69.9,13.3,2.8,6
Brunei Darussalam,1990,3.3,13607.9,70.2,13.3,2.8,5
Brunei Darussalam,1991,3.2,13905.2,70.4,13.3,2.9,5
Brunei Darussalam,1992,3.1,15274.7,70.7,13.2,2.8,6
Brunei Darussalam,1993,3,14575.6,71,13.1,2.8,6
Brunei Darussalam,1994,2.9,14121,71.2,12.8,2.7,6
Brunei Darussalam,1995,2.8,15933.5,71.5,12.4,2.6,5
Brunei Darussalam,1996,2.7,16793.4,71.7,12,2.5,5
Brunei Darussalam,1997,2.6,16660.1,72,11.5,2.4,5
Brunei Darussalam,1998,2.5,12694.1,72.3,11.1,2.3,5
Brunei Darussalam,1999,2.4,14101.2,72.5,10.7,2.2,5
Brunei Darussalam,2000,2.3,18012.5,72.8,10.3,2.1,5
Brunei Darussalam,2001,2.3,16472,73.1,10.1,2,5
Brunei Darussalam,2002,2.2,16850.4,73.3,9.8,2,5
Brunei Darussalam,2003,2.2,18560.5,73.6,9.7,1.9,5
China,1968,6.2,91.5,55.8,118.4,2.6,7
China,1969,6,100.1,57.6,118.4,2.7,7
China,1970,5.7,113.2,59.1,112.5,2.8,7
China,1971,5.4,118.7,60.3,106.8,2.7,7
China,1972,5,131.9,61.3,101.3,2.5,7
China,1973,4.6,157.1,62.3,95.7,2.3,7
China,1974,4.2,160.1,63.1,90.2,2.1,7
China,1975,3.9,178.3,63.9,84.7,1.8,7
China,1976,3.5,165.4,64.6,79.4,1.5,7
China,1977,3.2,185.4,65.3,74.5,1.4,7
China,1978,2.9,156.4,65.9,70,1.3,6
China,1979,2.7,184,66.4,66,1.3,6
China,1980,2.6,194.8,66.8,62.6,1.3,6
China,1981,2.5,197.1,67.3,59.9,1.3,6
China,1982,2.5,203.3,67.6,57.6,1.5,6
China,1983,2.6,225.4,67.9,55.9,1.4,6
China,1984,2.6,250.7,68.2,54.8,1.3,6
China,1985,2.7,294.5,68.5,54.2,1.4,6
China,1986,2.7,281.9,68.7,53.9,1.5,6
China,1987,2.6,251.8,68.8,53.9,1.6,6
China,1988,2.6,283.5,69,54,1.6,6
China,1989,2.5,310.9,69.1,54,1.5,7
China,1990,2.3,317.9,69.1,53.7,1.5,7
China,1991,2.1,333.1,69.2,53.2,1.4,7
China,1992,2,366.5,69.4,52.2,1.2,7
China,1993,1.8,377.4,69.5,50.9,1.1,7
China,1994,1.7,473.5,69.7,49.3,1.1,7
China,1995,1.7,609.7,69.9,47.5,1.1,7
China,1996,1.6,709.4,70.1,45.6,1,7
China,1997,1.6,781.7,70.4,43.5,1,7
China,1998,1.6,828.6,70.7,41.4,1,6
China,1999,1.6,873.3,71.1,39.1,0.9,6
China,2000,1.6,959.4,71.4,36.7,0.8,6
China,2001,1.6,1053.1,71.7,34.1,0.7,6
China,2002,1.6,1148.5,72.1,31.5,0.7,6
China,2003,1.6,1288.6,72.4,28.8,0.6,6
Denmark,1968,2.1,2776.1,73.1,18.1,0.6,7
Denmark,1969,2,3151.1,73.2,17.4,0.6,7
Denmark,1970,2,3464.5,73.3,16.7,0.8,7
Denmark,1971,2,3845.5,73.4,15.8,0.7,7
Denmark,1972,2,4654.3,73.4,14.9,0.6,7
Denmark,1973,1.9,6119.4,73.7,13.9,0.6,7
Denmark,1974,1.9,6770.8,73.8,13.1,0.5,7
Denmark,1975,1.9,7999.1,74.1,12.3,0.3,7
Denmark,1976,1.8,8787.6,73.7,11.6,0.3,7
Denmark,1977,1.7,9783.9,74.6,11.1,0.3,6
Denmark,1978,1.7,11826,74.4,10.6,0.3,6
Denmark,1979,1.6,13752,74.2,10.3,0.2,6
Denmark,1980,1.6,13883.9,74.1,10,0.1,6
Denmark,1981,1.4,12081.8,74.2,9.7,0,6
Denmark,1982,1.4,11804.4,74.6,9.6,-0.1,6
Denmark,1983,1.4,11857.9,74.4,9.5,-0.1,6
Denmark,1984,1.4,11562.9,74.6,9.6,-0.1,6
Denmark,1985,1.5,12253.1,74.4,9.6,0,6
Denmark,1986,1.5,17201.1,74.6,9.7,0.1,6
Denmark,1987,1.5,21340.7,74.7,9.7,0.1,6
Denmark,1988,1.6,22527,74.8,9.6,0,6
Denmark,1989,1.6,21901.1,74.8,9.4,0.1,7
Denmark,1990,1.7,26891.4,74.8,9,0.2,7
Denmark,1991,1.7,27011.4,75.2,8.4,0.3,7
Denmark,1992,1.8,29569.7,75.2,7.9,0.3,7
Denmark,1993,1.8,27598,75.1,7.3,0.3,7
Denmark,1994,1.8,29995.6,75.4,6.9,0.3,7
Denmark,1995,1.8,35351.4,75.2,6.5,0.5,7
Denmark,1996,1.8,35650.7,75.6,6.2,0.6,7
Denmark,1997,1.8,32835.9,75.9,6,0.4,7
Denmark,1998,1.7,33368.1,76.1,5.9,0.4,7
Denmark,1999,1.7,33440.8,76.3,5.8,0.3,7
Denmark,2000,1.8,30743.5,76.6,5.7,0.3,7
Denmark,2001,1.7,30751.7,76.8,5.6,0.4,7
Denmark,2002,1.7,33228.7,76.9,5.5,0.3,7
Denmark,2003,1.8,40458.8,77.1,5.4,0.3,7
Egypt,1968,6.4,180.4,51.6,253.8,2.5,3
Egypt,1969,6.3,193.6,51.9,250,2.5,3
Egypt,1970,6.2,233,52.1,246.5,2.4,3
Egypt,1971,6.1,243.8,52.5,242.9,2.3,3
Egypt,1972,6.1,257.6,52.9,238.5,2.2,3
Egypt,1973,6,273.7,53.4,232.9,2.2,2
Egypt,1974,5.9,244.7,54,225.7,2.2,2
Egypt,1975,5.8,301.7,54.7,217.1,2.2,2
Egypt,1976,5.8,337.8,55.5,207.6,2.2,2
Egypt,1977,5.7,357.1,56.2,197.6,2.3,3
Egypt,1978,5.7,358.8,57,187.7,2.3,2
Egypt,1979,5.7,426.3,57.7,177.9,2.4,2
Egypt,1980,5.6,500.4,58.3,168.3,2.4,3
Egypt,1981,5.6,498.6,59,158.8,2.5,3
Egypt,1982,5.5,607.3,59.7,148.9,2.5,2
Egypt,1983,5.5,662.7,60.4,138.9,2.6,2
Egypt,1984,5.4,708.2,61.1,128.7,2.6,3
Egypt,1985,5.3,792.8,61.8,118.8,2.7,3
Egypt,1986,5.2,815.2,62.5,109.9,2.7,3
Egypt,1987,5.1,778.1,63.1,102.1,2.7,3
Egypt,1988,4.9,655.1,63.7,95.6,2.7,3
Egypt,1989,4.7,725.6,64.1,90.2,2.6,3
Egypt,1990,4.6,765.6,64.6,85.6,2.4,3
Egypt,1991,4.4,651.1,65,81.4,2.3,3
Egypt,1992,4.3,713.5,65.4,77.3,2.1,3
Egypt,1993,4.1,777.9,65.8,73.1,2,3
Egypt,1994,4,849.5,66.3,68.8,2,3
Egypt,1995,3.8,965.1,66.8,64.5,2,3
Egypt,1996,3.7,1063.3,67.2,60.4,2,3
Egypt,1997,3.6,1208.7,67.7,56.5,2,3
Egypt,1998,3.5,1281.4,68.1,52.9,2,3
Egypt,1999,3.4,1343.6,68.4,49.6,2,3
Egypt,2000,3.3,1450.5,68.6,46.6,1.9,2
Egypt,2001,3.3,1378.2,68.8,43.9,1.9,2
Egypt,2002,3.2,1191.1,69,41.5,1.9,2
Egypt,2003,3.1,1102.5,69.1,39.4,1.9,2
Finland,1968,2.1,1907.1,69.6,17.6,0.4,2
Finland,1969,1.9,2178,69.5,16.8,-0.1,2
Finland,1970,1.8,2465.6,70.2,16.1,-0.4,2
Finland,1971,1.7,2716.2,70,15.4,0.1,2
Finland,1972,1.6,3177.6,70.7,14.6,0.6,2
Finland,1973,1.5,4173.2,71.2,13.9,0.6,2
Finland,1974,1.6,5297.6,71.1,13.1,0.5,2
Finland,1975,1.7,6255.5,71.7,12.3,0.4,2
Finland,1976,1.7,6739.7,71.8,11.4,0.3,2
Finland,1977,1.7,7069.1,72.4,10.6,0.3,2
Finland,1978,1.6,7628.8,72.9,9.9,0.3,2
Finland,1979,1.6,9332.2,73.2,9.2,0.3,2
Finland,1980,1.6,11223.9,73.4,8.7,0.3,2
Finland,1981,1.6,10926.8,73.7,8.2,0.4,2
Finland,1982,1.7,10938.1,74.3,7.9,0.6,2
Finland,1983,1.7,10497.5,74.2,7.6,0.6,2
Finland,1984,1.7,10833.9,74.5,7.5,0.5,2
Finland,1985,1.6,11398.1,74.2,7.3,0.4,2
Finland,1986,1.6,14951,74.6,7.3,0.3,2
Finland,1987,1.6,18571.1,74.6,7.2,0.3,2
Finland,1988,1.7,22047.8,74.6,7.1,0.3,2
Finland,1989,1.7,23973.2,74.8,6.9,0.4,1
Finland,1990,1.8,28364.6,74.8,6.7,0.4,1
Finland,1991,1.8,25484.7,75.2,6.4,0.5,1
Finland,1992,1.9,22319.1,75.5,6.1,0.6,1
Finland,1993,1.8,17608.8,75.7,5.8,0.5,1
Finland,1994,1.9,20301.3,76.4,5.5,0.4,1
Finland,1995,1.8,26271.6,76.4,5.2,0.4,1
Finland,1996,1.8,25783.5,76.7,4.9,0.3,1
Finland,1997,1.8,24691.9,76.9,4.7,0.3,1
Finland,1998,1.7,26009.3,77.1,4.6,0.3,1
Finland,1999,1.7,26177.3,77.3,4.4,0.2,1
Finland,2000,1.7,24285.5,77.5,4.3,0.2,1
Finland,2001,1.7,24946.2,78,4.2,0.2,1
Finland,2002,1.7,26869.7,78.1,4.1,0.2,1
Finland,2003,1.8,32855.1,78.4,4,0.2,1
France,1968,2.7,2536.1,71.3,19.9,0.8,1
France,1969,2.6,2752.1,71.5,19.1,0.8,1
France,1970,2.6,2857.3,71.7,18.2,0.8,1
France,1971,2.5,3169,71.9,17.4,0.8,1
France,1972,2.4,3854.6,72.1,16.6,0.8,1
France,1973,2.3,4969.8,72.4,15.9,0.8,2
France,1974,2.2,5328.2,72.6,15.4,0.7,2
France,1975,2.1,6690.6,72.9,15,0.6,2
France,1976,2,6866.8,73.1,14.5,0.5,2
France,1977,1.9,7532.5,73.4,13.9,0.5,1
France,1978,1.9,9264.8,73.6,13.4,0.4,2
France,1979,1.9,11179.6,73.9,12.8,0.4,2
France,1980,1.9,12713.4,74.1,12.4,0.4,2
France,1981,1.9,11105,74.3,11.9,0.5,2
France,1982,1.9,10496.9,74.5,11.5,0.5,2
France,1983,1.9,9993.4,74.8,11.1,0.5,2
France,1984,1.9,9419.7,75,10.7,0.6,2
France,1985,1.9,9763.3,75.3,10.4,0.6,2
France,1986,1.9,13540.2,75.6,10.1,0.6,2
France,1987,1.8,16302.4,75.8,9.8,0.6,2
France,1988,1.8,17680,76.1,9.6,0.6,2
France,1989,1.8,17694.3,76.3,9.3,0.5,2
France,1990,1.8,21793.8,76.6,9,0.5,2
France,1991,1.8,21675.1,76.8,8.6,0.6,2
France,1992,1.7,23813.7,77.1,8.1,0.5,2
France,1993,1.7,22380.1,77.3,7.6,0.4,2
France,1994,1.7,23496.5,77.6,7,0.4,2
France,1995,1.7,26890.2,77.8,6.5,0.4,2
France,1996,1.8,26871.8,78,6.1,0.4,2
France,1997,1.8,24228.9,78.3,5.8,0.4,2
France,1998,1.8,24974.3,78.6,5.6,0.4,2
France,1999,1.8,24673.2,78.8,5.5,0.5,2
France,2000,1.9,22364,79.1,5.4,0.7,2
France,2001,1.9,22433.6,79.2,5.3,0.7,2
France,2002,1.9,24177.3,79.3,5.1,0.7,1
France,2003,1.9,29568.4,79.1,4.9,0.7,1
Gabon,1968,5,520.5,45.4,174,2.1,6
Gabon,1969,5,550.7,46.3,168.6,2.1,6
Gabon,1970,5.1,549.5,47.1,163.5,2,6
Gabon,1971,5.1,635.5,48,158.5,1.9,6
Gabon,1972,5.2,703.8,48.8,153.6,1.8,6
Gabon,1973,5.3,1160.3,49.6,148.8,1.8,6
Gabon,1974,5.3,2432.8,50.4,144.2,1.9,6
Gabon,1975,5.4,3332,51.2,139.7,2,6
Gabon,1976,5.5,4550.1,52,135.4,2.1,6
Gabon,1977,5.5,4154.2,52.8,131.1,2.2,6
Gabon,1978,5.6,3452.6,53.7,127,2.3,6
Gabon,1979,5.6,4275.3,54.5,123.1,2.4,6
Gabon,1980,5.7,5892.1,55.3,119.3,2.4,6
Gabon,1981,5.7,5186.4,56.1,115.6,2.5,6
Gabon,1982,5.7,4736,56.9,112,2.6,6
Gabon,1983,5.7,4325.3,57.7,108.7,2.6,6
Gabon,1984,5.7,4423.5,58.4,105.7,2.7,6
Gabon,1985,5.7,4038.1,59.2,102.8,2.7,6
Gabon,1986,5.7,4004,59.8,100.2,2.7,6
Gabon,1987,5.6,3755.5,60.3,97.9,2.8,6
Gabon,1988,5.6,4267.8,60.6,95.8,2.8,6
Gabon,1989,5.5,4532.2,60.9,94.1,2.8,5
Gabon,1990,5.4,6268.9,61,92.5,2.8,4
Gabon,1991,5.4,5537,60.9,91.2,2.7,3
Gabon,1992,5.3,5578,60.8,90.1,2.7,4
Gabon,1993,5.2,4252.1,60.7,89.2,2.7,4
Gabon,1994,5.1,3963.9,60.4,88.4,2.6,4
Gabon,1995,5,4570.6,60.2,87.7,2.6,4
Gabon,1996,4.9,5116.2,59.9,87.1,2.5,4
Gabon,1997,4.8,4667.2,59.5,86.3,2.5,4
Gabon,1998,4.7,3831.8,59.1,85.4,2.5,4
Gabon,1999,4.6,3888.9,58.6,84.3,2.4,4
Gabon,2000,4.5,4136,58.3,82.9,2.4,4
Gabon,2001,4.5,3993,58,81.4,2.4,4
Gabon,2002,4.4,4141.4,57.8,79.6,2.4,4
Gabon,2003,4.3,4933.5,57.8,77.8,2.4,4
Honduras,1968,7.4,252.6,51.3,157.7,2.9,7
Honduras,1969,7.3,253.3,51.9,151.8,3,7
Honduras,1970,7.3,266.1,52.5,146.1,3,7
Honduras,1971,7.2,261.2,53.1,140.4,3,7
Honduras,1972,7.1,278.6,53.8,134.9,3,7
Honduras,1973,7,307.3,54.4,129.4,3,3
Honduras,1974,6.9,338.2,55.1,148.7,3,3
Honduras,1975,6.8,356.5,55.8,118.9,3,3
Honduras,1976,6.7,414.6,56.6,113.9,3.1,3
Honduras,1977,6.6,497.9,57.3,108.9,3.1,3
Honduras,1978,6.5,895.6,58.1,104,3.1,3
Honduras,1979,6.4,993.7,58.9,99.4,3.1,3
Honduras,1980,6.3,1078.8,59.6,94.8,3.1,3
Honduras,1981,6.2,1066.2,60.4,90.4,3.1,3
Honduras,1982,6.1,1091,61.2,86.1,3.1,3
Honduras,1983,5.9,1110.5,62.1,82,3,3
Honduras,1984,5.8,1183,62.9,78.1,3,3
Honduras,1985,5.7,1232.9,63.6,74.3,3,3
Honduras,1986,5.6,1287.4,64.4,70.7,3,3
Honduras,1987,5.4,1362.9,65.1,67.3,2.9,3
Honduras,1988,5.3,1262.1,65.7,64.1,2.9,3
Honduras,1989,5.2,1128.3,66.2,61,2.9,3
Honduras,1990,5.1,993.5,66.7,58.2,2.9,3
Honduras,1991,5,911.8,67.2,55.5,2.9,3
Honduras,1992,5,942.6,67.6,53,2.8,3
Honduras,1993,4.9,913.3,68,50.6,2.8,3
Honduras,1994,4.8,836.6,68.5,48.4,2.8,3
Honduras,1995,4.8,936.7,68.9,46.3,2.8,3
Honduras,1996,4.7,887.7,69.3,44.3,2.9,3
Honduras,1997,4.6,949,69.7,42.4,2.9,3
Honduras,1998,4.5,1023.5,70,63.7,2.8,3
Honduras,1999,4.4,1002.7,70.4,38.7,2.8,3
Honduras,2000,4.2,1080.5,70.7,37,2.7,3
Honduras,2001,4.1,1120.5,71,35.3,2.7,3
Honduras,2002,4,1122.1,71.2,33.7,2.6,3
Honduras,2003,3.8,1145.5,71.5,32.1,2.5,3
Iceland,1968,3.1,2354.5,74,17.2,1.4,1
Iceland,1969,3,2039.2,73.8,16.6,0.9,1
Iceland,1970,2.8,2576.4,73.9,16,0.5,1
Iceland,1971,2.9,3252.1,73.6,15.4,0.8,1
Iceland,1972,3.1,4014.8,74.5,14.8,1.5,1
Iceland,1973,2.9,5437.3,74.5,14.1,1.5,1
Iceland,1974,2.7,7040.6,74.5,13.5,1.4,1
Iceland,1975,2.7,6454.2,75.6,12.8,1.3,1
Iceland,1976,2.5,7583.3,77,12.2,1,1
Iceland,1977,2.3,9957.3,76.4,11.5,0.7,1
Iceland,1978,2.4,11236.7,76.6,10.8,0.8,1
Iceland,1979,2.5,12640.6,76.8,10.2,1,1
Iceland,1980,2.5,14821.8,76.8,9.6,1.1,1
Iceland,1981,2.3,15137.3,76.5,9.1,1.1,1
Iceland,1982,2.3,13711.7,77,8.7,1.3,1
Iceland,1983,2.2,11671.8,76.8,8.3,1.3,1
Iceland,1984,2.1,11959.5,77.6,7.9,1.1,1
Iceland,1985,1.9,12361.2,77.6,7.6,0.8,1
Iceland,1986,1.9,16406,78,7.4,0.7,1
Iceland,1987,2.1,22453.2,77.3,7.1,1.1,1
Iceland,1988,2.3,24452,77.1,6.9,1.6,1
Iceland,1989,2.2,22434.3,78.1,6.7,1.2,1
Iceland,1990,2.3,25384.9,78,6.5,0.8,1
Iceland,1991,2.2,26803,78,6.2,1.2,1
Iceland,1992,2.2,27124.3,78.8,6,1.3,1
Iceland,1993,2.2,23579.8,78.9,5.7,1,1
Iceland,1994,2.1,24018.6,79.2,5.5,0.9,1
Iceland,1995,2.1,26633.6,78,5.2,0.5,1
Iceland,1996,2.1,27614.9,78.8,5,0.5,1
Iceland,1997,2,27919.2,78.9,4.7,0.8,1
Iceland,1998,2.1,31030.1,79.6,4.5,1.1,1
Iceland,1999,2,32381.6,79.4,4.3,1.2,1
Iceland,2000,2.1,32096.4,79.7,4.1,1.4,1
Iceland,2001,2,28897.4,80.7,3.9,1.3,1
Iceland,2002,1.9,32409.2,80.5,3.7,0.9,1
Iceland,2003,2,39476.7,81,3.5,0.7,1
India,1968,5.7,99.9,46.4,219.2,2.1,2
India,1969,5.6,107.6,47.1,216.5,2.2,2
India,1970,5.6,112.4,47.7,213.6,2.2,2
India,1971,5.5,118.6,48.4,210.4,2.3,2
India,1972,5.4,123,49.1,207,2.3,2
India,1973,5.4,143.8,49.7,203.2,2.3,3
India,1974,5.3,163.5,50.4,199.1,2.3,3
India,1975,5.2,158,51,194.6,2.3,3
India,1976,5.1,161.1,51.6,189.7,2.3,5
India,1977,5,186.2,52.2,184.5,2.3,5
India,1978,5,205.7,52.8,179.1,2.3,2
India,1979,4.9,224,53.3,173.6,2.3,2
India,1980,4.8,266.6,53.8,168.1,2.3,2
India,1981,4.8,270.5,54.3,163,2.3,3
India,1982,4.7,274.1,54.7,158.2,2.3,3
India,1983,4.6,291.2,55.1,153.8,2.3,3
India,1984,4.6,276.7,55.4,149.7,2.3,3
India,1985,4.5,296.4,55.8,145.7,2.3,3
India,1986,4.4,310.5,56.2,141.7,2.2,3
India,1987,4.3,340.4,56.6,137.8,2.2,3
India,1988,4.2,354.1,57,133.8,2.1,3
India,1989,4.1,346.1,57.4,129.9,2.1,3
India,1990,4,367.6,57.9,126.2,2.1,3
India,1991,4,303.1,58.4,122.7,2,4
India,1992,3.9,317,58.9,119.3,2,4
India,1993,3.8,301.2,59.3,116,2,4
India,1994,3.7,346.1,59.8,112.7,1.9,4
India,1995,3.7,373.8,60.3,109.4,1.9,4
India,1996,3.6,400,60.8,106,1.9,4
India,1997,3.5,415.5,61.2,102.5,1.9,4
India,1998,3.4,413.3,61.7,98.9,1.8,3
India,1999,3.4,442,62.1,95.3,1.8,3
India,2000,3.3,443.3,62.5,91.7,1.8,3
India,2001,3.2,451.6,62.9,88.1,1.7,3
India,2002,3.2,471,63.3,84.5,1.7,3
India,2003,3.1,546.7,63.7,81.1,1.7,3
Iraq,1968,7.4,312.8,56.7,124.8,3.4,7
Iraq,1969,7.4,313.8,57.5,119,3.4,7
Iraq,1970,7.4,330.9,58.2,113.6,3.4,7
Iraq,1971,7.3,376.9,58.9,108.4,3.3,7
Iraq,1972,7.2,388.1,59.5,103.5,3.3,7
Iraq,1973,7.2,468.9,60.1,98.9,3.3,7
Iraq,1974,7.1,1018.1,60.6,94.4,3.2,7
Iraq,1975,7,1151.8,61.1,90.2,3.2,7
Iraq,1976,6.9,1471.1,61.3,86.2,3.2,7
Iraq,1977,6.8,1591.9,61.2,82.5,3.2,7
Iraq,1978,6.7,1847.7,60.9,79,3.1,7
Iraq,1979,6.7,2852.1,60.4,75.9,3.1,6
Iraq,1980,6.6,3850.3,59.9,72.9,2.9,7
Iraq,1981,6.5,2693.2,59.4,70.2,2.8,7
Iraq,1982,6.4,2936.6,59.3,67.7,2.7,7
Iraq,1983,6.3,2748,59.5,65.4,2.6,7
Iraq,1984,6.3,3090,60,63.3,2.5,7
Iraq,1985,6.2,3113,60.9,61.4,2.4,7
Iraq,1986,6.2,2970.8,62,59.6,2.2,7
Iraq,1987,6.1,3492.3,63.1,58,2.2,7
Iraq,1988,6,3773.4,64.2,56.6,2.2,7
Iraq,1989,6,3873.6,65.2,55.2,2.3,6
Iraq,1990,5.9,10356.9,66,54.1,2.5,7
Iraq,1991,5.8,22.8,66.7,53,2.7,7
Iraq,1992,5.7,30.1,67.2,51.9,2.8,7
Iraq,1993,5.6,54.4,67.7,51,3,7
Iraq,1994,5.5,204.3,68.1,50.1,3,7
Iraq,1995,5.4,639.9,68.4,49.1,3.1,7
Iraq,1996,5.3,502,68.7,48.2,3.1,7
Iraq,1997,5.2,968.5,68.9,47.3,3.1,7
Iraq,1998,5.1,932.3,69.1,46.3,3.1,7
Iraq,1999,5,1617.5,69.1,45.4,3.1,7
Iraq,2000,4.9,2058.3,69.1,44.5,3,7
Iraq,2001,4.8,1494.4,69,43.5,3,7
Iraq,2002,4.8,1320.7,68.8,42.6,2.9,7
Iraq,2003,4.7,854.8,68.6,41.8,2.8,5
Jordan,1968,8,374.1,58.8,99.3,8.4,6
Jordan,1969,8,432.1,59.5,94.3,7.5,6
Jordan,1970,7.9,371.6,60.2,89.6,6.2,6
Jordan,1971,7.9,374.9,60.9,85.3,5,6
Jordan,1972,7.8,418.6,61.5,81.1,4,6
Jordan,1973,7.8,484.3,62.2,77.2,3.4,6
Jordan,1974,7.7,596.4,62.9,73.5,3,6
Jordan,1975,7.6,659.8,63.5,70,2.9,6
Jordan,1976,7.5,804.8,64.1,66.7,2.7,6
Jordan,1977,7.5,962,64.7,63.6,2.6,6
Jordan,1978,7.4,1163,65.2,60.7,2.7,6
Jordan,1979,7.3,1420.6,65.7,57.8,2.9,6
Jordan,1980,7.3,1644.3,66.2,55.2,3.2,6
Jordan,1981,7.2,1778.9,66.7,52.7,3.6,6
Jordan,1982,7.1,1825.8,67.1,50.3,3.9,6
Jordan,1983,6.9,1841.9,67.5,48,4.1,6
Jordan,1984,6.8,1783.7,67.9,45.9,4.1,5
Jordan,1985,6.6,1722,68.3,43.9,4.1,5
Jordan,1986,6.4,2123,68.6,42.1,3.9,5
Jordan,1987,6.2,2157.1,69,40.3,3.8,5
Jordan,1988,5.9,1927.6,69.3,38.7,3.9,5
Jordan,1989,5.7,1241.7,69.6,37.3,4.3,5
Jordan,1990,5.5,1166.6,69.9,36,4.8,5
Jordan,1991,5.3,1155.2,70.1,34.8,5.3,4
Jordan,1992,5.1,1335.3,70.3,33.7,5.6,3
Jordan,1993,5,1334.2,70.5,32.7,5.5,4
Jordan,1994,4.8,1414.3,70.7,31.7,4.8,4
Jordan,1995,4.6,1466,70.9,30.8,4,4
Jordan,1996,4.5,1463.9,71.1,30,3.1,4
Jordan,1997,4.4,1494.5,71.2,29.1,2.4,4
Jordan,1998,4.3,1600.4,71.4,28.3,1.9,5
Jordan,1999,4.2,1619.5,71.6,27.6,1.8,4
Jordan,2000,4.1,1651.6,71.7,26.8,1.8,4
Jordan,2001,4.1,1720.4,71.9,26.1,1.8,5
Jordan,2002,4,1802.1,72.1,25.3,1.9,5
Jordan,2003,4,1876.3,72.3,24.6,2.2,5
Malta,1968,2.1,828.4,70.9,30.5,-1.2,1
Malta,1969,2,828.4,71.1,29.2,-1.2,1
Malta,1970,2,828.4,71.3,27.9,-0.5,1
Malta,1971,2.1,874.1,71.5,26.5,0,1
Malta,1972,2,975.8,71.7,25.2,-0.1,1
Malta,1973,1.7,1143.6,71.9,23.9,-0.1,2
Malta,1974,1.6,1245.4,72.1,22.6,-0.1,1
Malta,1975,2.3,1560.1,72.3,21.4,0.7,1
Malta,1976,2.2,1726.6,72.4,20.3,0.5,1
Malta,1977,2.1,2037.9,72.6,19.3,0.4,2
Malta,1978,2.1,2558.7,72.7,18.4,1,2
Malta,1979,2.1,3195.6,72.9,17.6,1,2
Malta,1980,2,3948.4,73.1,16.9,1,3
Malta,1981,1.9,3898.2,73.3,16.3,0.7,3
Malta,1982,1.9,3788.1,73.6,15.7,2.1,3
Malta,1983,1.9,3527,73.9,15.1,1.4,4
Malta,1984,2,3332.9,74.3,14.5,0,4
Malta,1985,2,3322.4,74.8,13.9,1.8,4
Malta,1986,1.9,4194.7,75.2,13.3,1.7,4
Malta,1987,2,5083.7,75.6,12.7,0.7,2
Malta,1988,2.1,5814.4,76.1,12.2,0.8,2
Malta,1989,2.1,6040.6,76.4,11.7,1,1
Malta,1990,2,7191.9,76.8,11.3,1,1
Malta,1991,2,7558.3,77.1,10.9,2.7,1
Malta,1992,2.1,8220.2,77.4,10.5,1,1
Malta,1993,2,7296.3,77.6,10.2,1,1
Malta,1994,1.8,8000.5,77.8,9.8,0.9,1
Malta,1995,1.8,9857.5,77.3,9.5,0.7,1
Malta,1996,2,10062.7,77.3,9.1,0.7,1
Malta,1997,1.9,9909.9,77.7,8.7,0.8,1
Malta,1998,1.8,10409.3,77.6,8.4,0.6,1
Malta,1999,1.7,10633.6,77.5,8.1,0.6,1
Malta,2000,1.7,10432.3,78.3,7.8,0.6,1
Malta,2001,1.5,10402.2,78.8,7.5,0.8,1
Malta,2002,1.5,11289.9,78.7,7.3,0.7,1
Malta,2003,1.5,13669.5,78.5,7.2,0.7,1
Netherlands,1968,2.7,2185.2,73.6,16.9,1,1
Netherlands,1969,2.8,2643,73.5,16.4,1.2,1
Netherlands,1970,2.6,2927.1,73.6,15.8,1.2,1
Netherlands,1971,2.4,3378.6,73.8,15.3,1.2,1
Netherlands,1972,2.2,4104.5,73.7,14.7,1,1
Netherlands,1973,1.9,5345.6,74.1,14.1,0.8,1
Netherlands,1974,1.8,6441,74.5,13.6,0.8,1
Netherlands,1975,1.7,7335.5,74.5,13.1,0.9,1
Netherlands,1976,1.6,7925.7,74.6,12.6,0.8,1
Netherlands,1977,1.6,9166.8,75.2,12.1,0.6,1
Netherlands,1978,1.6,11179.4,75.1,11.6,0.6,1
Netherlands,1979,1.6,12798.5,75.6,11.2,0.7,1
Netherlands,1980,1.6,13791.9,75.7,10.9,0.8,1
Netherlands,1981,1.6,11520.4,75.9,10.6,0.7,1
Netherlands,1982,1.5,11072.7,76,10.4,0.5,1
Netherlands,1983,1.5,10680.4,76.2,10.2,0.4,1
Netherlands,1984,1.5,9977.2,76.2,9.9,0.4,1
Netherlands,1985,1.5,9926.1,76.3,9.7,0.5,1
Netherlands,1986,1.6,13783.9,76.3,9.5,0.6,1
Netherlands,1987,1.6,16709.6,76.7,9.2,0.6,1
Netherlands,1988,1.6,17744.5,76.9,8.9,0.6,1
Netherlands,1989,1.6,17397.7,76.7,8.6,0.6,1
Netherlands,1990,1.6,21290.9,76.9,8.3,0.7,1
Netherlands,1991,1.6,21732.2,77,8,0.8,1
Netherlands,1992,1.6,23904,77.2,7.7,0.8,1
Netherlands,1993,1.6,23122.4,76.9,7.4,0.7,1
Netherlands,1994,1.6,24646.3,77.4,7.1,0.6,1
Netherlands,1995,1.5,29258.1,77.4,6.9,0.5,1
Netherlands,1996,1.5,29006.8,77.4,6.7,0.5,1
Netherlands,1997,1.6,26700.5,77.8,6.5,0.5,1
Netherlands,1998,1.6,27885.8,77.9,6.4,0.6,1
Netherlands,1999,1.7,28263.1,77.8,6.3,0.7,1
Netherlands,2000,1.7,26149.4,78,6.2,0.7,1
Netherlands,2001,1.7,26873.3,78.2,6.1,0.8,1
Netherlands,2002,1.7,29204,78.3,5.9,0.6,1
Netherlands,2003,1.8,35672.2,78.5,5.7,0.5,1
New Zealand,1968,3.3,1885.2,71.1,21.6,0.9,1
New Zealand,1969,3.3,2077.9,71.5,21.2,0.9,1
New Zealand,1970,3.2,2772.9,71.3,20.8,1.4,1
New Zealand,1971,3.2,2772.9,71.8,20.3,1.5,1
New Zealand,1972,3,3294.6,71.8,19.8,1.8,1
New Zealand,1973,2.7,4323.2,71.7,19.4,2,1
New Zealand,1974,2.6,4610.6,71.9,18.8,2.1,1
New Zealand,1975,2.3,4171.8,72.2,18.3,1.9,1
New Zealand,1976,2.3,4373.8,72.4,17.7,0.9,1
New Zealand,1977,2.2,4950.6,72.2,17.1,0.3,1
New Zealand,1978,2.1,5937,73,16.6,0,1
New Zealand,1979,2.1,6668.1,73.1,16.1,-0.4,1
New Zealand,1980,2,7467.2,72.8,15.6,0.1,1
New Zealand,1981,2,7813.9,73.6,15.2,0.4,1
New Zealand,1982,2,7656.5,73.7,14.8,1,1
New Zealand,1983,1.9,7598.3,73.8,14.5,1.4,1
New Zealand,1984,1.9,6713.8,74.4,14.1,0.9,1
New Zealand,1985,1.9,7600.6,73.8,13.8,0.6,1
New Zealand,1986,2,9427.6,74.1,13.4,0,1
New Zealand,1987,2,12330.9,74.2,12.9,0.9,1
New Zealand,1988,2.1,13759.2,74.4,12.4,0.3,1
New Zealand,1989,2.1,13312.4,74.8,11.8,0.5,1
New Zealand,1990,2.2,13663,75.4,11.2,0.9,1
New Zealand,1991,2.2,12230.1,76,10.6,1,1
New Zealand,1992,2.1,11793.1,76.1,10,1,1
New Zealand,1993,2.1,13094.3,76.4,9.5,1.1,1
New Zealand,1994,2,15280.3,76.9,9.1,1.3,1
New Zealand,1995,2,17400.4,76.7,8.7,1.5,1
New Zealand,1996,2,18794.4,76.8,8.4,1.6,1
New Zealand,1997,2,17474.2,77.3,8.1,1.3,1
New Zealand,1998,1.9,14738.4,78.1,7.8,0.9,1
New Zealand,1999,2,15322.2,77.9,7.6,0.5,1
New Zealand,2000,2,13641.1,78.6,7.4,0.6,1
New Zealand,2001,2,13882.9,78.7,7.2,0.6,1
New Zealand,2002,1.9,16874.2,78.8,7,1.7,1
New Zealand,2003,1.9,21913.7,79.1,6.9,2,1
Nigeria,1968,6.4,97.2,40.2,298.9,2.2,6
Nigeria,1969,6.4,121.2,40.6,291.8,2.2,6
Nigeria,1970,6.5,224.1,41,284.4,2.3,6
Nigeria,1971,6.5,160.2,41.4,276.6,2.3,6
Nigeria,1972,6.6,209.2,41.8,268.7,2.4,6
Nigeria,1973,6.6,252.2,42.3,260.3,2.4,4
Nigeria,1974,6.7,402.8,42.7,252,2.6,4
Nigeria,1975,6.7,438.3,43.2,243.8,2.7,4
Nigeria,1976,6.7,556.7,43.6,236,2.9,5
Nigeria,1977,6.8,536.2,44.1,228.9,3,4
Nigeria,1978,6.8,527.3,44.5,222.6,3,4
Nigeria,1979,6.8,662.3,45,217.3,3,3
Nigeria,1980,6.8,874.4,45.3,213,2.8,3
Nigeria,1981,6.8,2180.2,45.6,209.9,2.7,3
Nigeria,1982,6.8,1843.9,45.9,208,2.6,3
Nigeria,1983,6.7,1222.6,46,207.2,2.5,3
Nigeria,1984,6.7,902.2,46.1,207.3,2.5,5
Nigeria,1985,6.7,882.5,46.1,207.9,2.6,5
Nigeria,1986,6.7,639,46.1,208.8,2.6,5
Nigeria,1987,6.6,598.3,46,209.6,2.6,5
Nigeria,1988,6.6,549.2,46,210.2,2.6,5
Nigeria,1989,6.5,474.2,45.9,210.3,2.6,5
Nigeria,1990,6.5,567.5,45.9,210,2.6,5
Nigeria,1991,6.4,502.9,45.9,209.5,2.5,4
Nigeria,1992,6.4,477.2,45.9,208.7,2.5,4
Nigeria,1993,6.3,270.2,45.8,207.7,2.5,5
Nigeria,1994,6.3,321.3,45.8,206.3,2.5,6
Nigeria,1995,6.3,408.2,45.9,204.2,2.5,7
Nigeria,1996,6.2,461.5,45.9,201.5,2.5,6
Nigeria,1997,6.2,480,45.9,197.8,2.5,6
Nigeria,1998,6.2,469.4,46,193.3,2.5,4
Nigeria,1999,6.1,497.8,46.1,188.2,2.5,3
Nigeria,2000,6.1,567.9,46.3,182.9,2.5,4
Nigeria,2001,6.1,590.4,46.5,177.3,2.5,5
Nigeria,2002,6.1,741.7,46.8,171.5,2.5,5
Nigeria,2003,6,795.4,47.2,165.9,2.5,4
Pakistan,1968,6.6,145.9,51.5,197.8,2.7,3
Pakistan,1969,6.6,153.4,52.1,193.9,2.7,3
Pakistan,1970,6.6,172.5,52.6,190.4,2.7,3
Pakistan,1971,6.6,178.6,53.2,187.1,2.7,3
Pakistan,1972,6.6,153.4,53.7,184,2.7,3
Pakistan,1973,6.6,101.2,54.2,181.2,2.8,5
Pakistan,1974,6.6,137.1,54.6,178.5,2.8,5
Pakistan,1975,6.6,168.1,55,176,2.9,5
Pakistan,1976,6.6,191.3,55.4,173.7,3,5
Pakistan,1977,6.6,213.2,55.8,171.5,3,5
Pakistan,1978,6.6,243.3,56.2,169.4,3.1,4
Pakistan,1979,6.6,260.6,56.5,167.2,3.2,5
Pakistan,1980,6.5,303.1,56.9,165.1,3.2,5
Pakistan,1981,6.5,348.3,57.2,162.9,3.3,5
Pakistan,1982,6.5,368.3,57.5,160.6,3.4,5
Pakistan,1983,6.4,332.5,57.9,158.2,3.4,5
Pakistan,1984,6.4,349.2,58.2,155.7,3.3,5
Pakistan,1985,6.4,337.8,58.5,153.1,3.3,5
Pakistan,1986,6.4,335,58.9,150.5,3.2,5
Pakistan,1987,6.3,339.3,59.2,147.8,3.2,5
Pakistan,1988,6.3,379.5,59.5,145.1,3.1,3
Pakistan,1989,6.2,384.4,59.8,142.5,3,3
Pakistan,1990,6.2,371.7,60.1,139.7,3,4
Pakistan,1991,6.1,411.9,60.4,136.9,2.9,5
Pakistan,1992,6,429.1,60.7,134.1,2.8,5
Pakistan,1993,5.9,442.5,61,131,2.7,5
Pakistan,1994,5.8,434.5,61.2,127.8,2.8,5
Pakistan,1995,5.7,489.9,61.5,124.5,2.8,5
Pakistan,1996,5.6,497.2,61.8,121.1,2.8,5
Pakistan,1997,5.4,476.4,62,117.6,2.9,5
Pakistan,1998,5.3,461.2,62.3,114.2,2.8,5
Pakistan,1999,5.2,454.3,62.6,110.9,2.8,5
Pakistan,2000,5,576.2,62.8,107.8,2.6,5
Pakistan,2001,4.9,544.5,63.1,105,2.5,5
Pakistan,2002,4.8,534.3,63.3,102.4,2.4,5
Pakistan,2003,4.6,599.4,63.5,100.2,2.3,5
Panama,1968,5.4,775.6,64.6,71.3,2.9,7
Panama,1969,5.3,827.2,65.1,68.7,2.9,7
Panama,1970,5.2,889.2,65.5,66,2.9,7
Panama,1971,5.1,974.9,66,63.1,2.8,7
Panama,1972,4.9,1040.8,66.5,60.2,2.8,7
Panama,1973,4.8,1157.6,67,57.4,2.8,6
Panama,1974,4.7,1288,67.5,54.7,2.7,6
Panama,1975,4.5,1395.5,68,52.3,2.7,6
Panama,1976,4.4,1444.7,68.5,50.3,2.6,6
Panama,1977,4.3,1490,69,48.4,2.6,6
Panama,1978,4.1,1721.8,69.4,46.8,2.5,5
Panama,1979,4,1918.2,69.8,45.3,2.5,5
Panama,1980,3.9,2332.1,70.2,43.9,2.4,5
Panama,1981,3.8,2577.7,70.5,42.4,2.4,4
Panama,1982,3.7,2782.3,70.9,40.9,2.3,5
Panama,1983,3.6,2791.8,71.2,39.5,2.3,4
Panama,1984,3.5,2849.1,71.5,38.1,2.3,3
Panama,1985,3.4,2947.7,71.7,36.7,2.2,3
Panama,1986,3.3,2996.6,72,35.4,2.2,3
Panama,1987,3.3,2945.2,72.3,34.3,2.2,5
Panama,1988,3.2,2492.1,72.5,33.2,2.1,5
Panama,1989,3.1,2446.2,72.7,32.2,2.1,6
Panama,1990,3.1,2603.8,73,31.3,2.1,2
Panama,1991,3,2803.9,73.2,30.5,2.1,2
Panama,1992,3,3122.1,73.4,29.9,2.1,3
Panama,1993,2.9,3339.9,73.7,29.3,2.1,3
Panama,1994,2.9,3489.2,73.9,28.8,2.1,3
Panama,1995,2.9,3494.5,74.1,28.3,2,3
Panama,1996,2.8,3529.9,74.3,27.9,2,3
Panama,1997,2.8,3741.3,74.5,27.5,2,3
Panama,1998,2.8,3974.7,74.7,27.1,2,3
Panama,1999,2.8,4082.6,74.9,26.6,2,2
Panama,2000,2.7,4060.3,75.1,26,2,2
Panama,2001,2.7,4046.4,75.2,25.4,1.9,2
Panama,2002,2.7,4126.2,75.4,24.8,1.9,2
Panama,2003,2.7,4267.3,75.6,24.1,1.9,2
Paraguay,1968,6,220.1,65.1,78.7,2.6,4
Paraguay,1969,5.9,230.5,65.2,78.2,2.6,4
Paraguay,1970,5.7,240.3,65.4,77.7,2.5,4
Paraguay,1971,5.6,262.1,65.5,77.1,2.4,4
Paraguay,1972,5.5,296.1,65.7,76.2,2.4,4
Paraguay,1973,5.4,374.3,65.8,75.3,2.4,6
Paraguay,1974,5.3,489.6,66,74.2,2.4,5
Paraguay,1975,5.2,541.5,66.1,73,2.4,5
Paraguay,1976,5.2,593.7,66.3,71.6,2.5,5
Paraguay,1977,5.2,712.7,66.5,70.1,2.5,6
Paraguay,1978,5.2,849.5,66.7,68.5,2.6,6
Paraguay,1979,5.2,1103.9,66.8,66.8,2.7,5
Paraguay,1980,5.2,1398.1,67,65,2.8,5
Paraguay,1981,5.2,1718.5,67.2,63,2.8,5
Paraguay,1982,5.1,1608.7,67.3,60.9,2.9,5
Paraguay,1983,5.1,1635.6,67.5,58.9,2.9,5
Paraguay,1984,5,1260.7,67.6,56.8,2.9,5
Paraguay,1985,5,892.9,67.7,54.8,2.9,5
Paraguay,1986,4.9,984.4,67.9,52.8,2.9,6
Paraguay,1987,4.8,1020.4,68,50.9,2.8,6
Paraguay,1988,4.7,1063.5,68.2,49.1,2.8,6
Paraguay,1989,4.6,1156.9,68.3,47.2,2.7,3
Paraguay,1990,4.5,1376.2,68.5,45.5,2.7,3
Paraguay,1991,4.5,1611.4,68.8,43.9,2.6,3
Paraguay,1992,4.4,1610.2,69,42.3,2.5,3
Paraguay,1993,4.3,1591.4,69.2,40.9,2.5,3
Paraguay,1994,4.2,1686.8,69.3,39.6,2.4,3
Paraguay,1995,4.1,1897.1,69.5,38.4,2.3,3
Paraguay,1996,4,2002.7,69.7,37.3,2.3,3
Paraguay,1997,3.9,1993.8,69.9,36.4,2.2,3
Paraguay,1998,3.8,1813,70.1,35.5,2.2,3
Paraguay,1999,3.7,1694.1,70.3,34.7,2.1,3
Paraguay,2000,3.6,1663.6,70.5,33.9,2,3
Paraguay,2001,3.4,1565.1,70.8,33.1,2,3
Paraguay,2002,3.3,1300.9,71,32.3,1.9,3
Paraguay,2003,3.2,1365.4,71.2,31.6,1.8,3
Peru,1968,6.5,450.4,52.7,175.7,2.8,7
Peru,1969,6.4,490.4,53.4,170.5,2.8,7
Peru,1970,6.3,552.2,54.2,194.8,2.8,7
Peru,1971,6.2,599.1,54.9,160.6,2.8,7
Peru,1972,6.1,646.1,55.7,155.9,2.7,7
Peru,1973,6,752.2,56.4,151.3,2.7,5
Peru,1974,5.8,922.8,57,146.7,2.7,5
Peru,1975,5.7,1094.2,57.6,142.4,2.7,6
Peru,1976,5.6,1006.9,58.1,138.5,2.6,4
Peru,1977,5.4,899.3,58.6,135.1,2.6,4
Peru,1978,5.3,749,59.2,132.1,2.6,4
Peru,1979,5.2,932.7,59.7,129.3,2.5,4
Peru,1980,5,1033.4,60.2,126.4,2.5,4
Peru,1981,4.9,1203.7,60.8,123.2,2.5,3
Peru,1982,4.8,1182.7,61.4,119.5,2.4,3
Peru,1983,4.7,919.2,62,115.2,2.4,3
Peru,1984,4.6,911,62.5,110.4,2.4,3
Peru,1985,4.5,836.9,63.1,105.1,2.3,3
Peru,1986,4.4,753.5,63.7,99.6,2.3,3
Peru,1987,4.2,1000.5,64.3,94.3,2.3,3
Peru,1988,4.1,729.9,64.9,89.2,2.2,3
Peru,1989,4,1041,65.6,84.6,2.2,4
Peru,1990,3.9,1196.6,66.2,80.2,2.1,4
Peru,1991,3.8,1524.8,66.8,75.9,2,5
Peru,1992,3.7,1566,67.3,71.4,2,5
Peru,1993,3.6,1488,67.9,66.9,1.9,5
Peru,1994,3.4,1881.7,68.4,62.4,1.9,4
Peru,1995,3.3,2194,68.9,57.8,1.9,4
Peru,1996,3.2,2232.1,69.4,53.4,1.9,3
Peru,1997,3.1,2306.4,69.8,49.1,1.8,4
Peru,1998,3,2163.1,70.3,45.2,1.8,4
Peru,1999,2.9,1924.5,70.7,41.5,1.6,4
Peru,2000,2.8,1955.6,71.1,38.2,1.5,4
Peru,2001,2.8,1941.5,71.5,35.3,1.3,3
Peru,2002,2.7,2021.2,71.9,32.7,1.1,3
Peru,2003,2.7,2145.6,72.2,30.4,1,3
Philippines,1968,6.5,255.4,63,85.8,2.9,4
Philippines,1969,6.4,275.2,63.1,84.5,2.9,4
Philippines,1970,6.3,211.1,63.2,83.6,2.9,4
Philippines,1971,6.2,227.3,63.2,82.9,2.9,4
Philippines,1972,6,239.1,63.2,82.6,2.9,4
Philippines,1973,5.9,292.5,63.2,82.4,2.9,6
Philippines,1974,5.8,388.8,63.2,82.4,2.8,5
Philippines,1975,5.7,408.7,63.2,82.4,2.8,5
Philippines,1976,5.6,456.6,63.2,82.2,2.8,5
Philippines,1977,5.5,510.7,63.3,81.9,2.7,5
Philippines,1978,5.4,574.6,63.4,81.4,2.7,5
Philippines,1979,5.3,677.5,63.5,80.6,2.7,5
Philippines,1980,5.2,778.1,63.7,79.7,2.7,5
Philippines,1981,5.1,832.1,63.9,78.7,2.7,5
Philippines,1982,5,843.7,64.1,77.6,2.7,4
Philippines,1983,4.9,734.5,64.3,76.3,2.7,5
Philippines,1984,4.8,676.4,64.5,74.8,2.7,4
Philippines,1985,4.7,644.1,64.7,72.8,2.7,3
Philippines,1986,4.6,609.6,64.9,70.3,2.7,2
Philippines,1987,4.6,660,65.2,67.2,2.7,2
Philippines,1988,4.5,733.9,65.5,63.8,2.6,3
Philippines,1989,4.4,804,65.9,60.2,2.6,3
Philippines,1990,4.3,816,66.4,56.6,2.5,3
Philippines,1991,4.2,816.1,66.8,53.3,2.5,3
Philippines,1992,4.2,929.3,67.2,50.4,2.4,3
Philippines,1993,4.1,931.6,67.6,47.8,2.4,4
Philippines,1994,4.1,1073,68,45.6,2.4,4
Philippines,1995,4,1212.9,68.2,43.7,2.3,4
Philippines,1996,4,1325.6,68.4,42,2.3,3
Philippines,1997,3.9,1288.6,68.6,40.6,2.3,3
Philippines,1998,3.9,997.6,68.7,39.4,2.2,3
Philippines,1999,3.9,1122,68.7,38.5,2.2,3
Philippines,2000,3.8,1072.8,68.8,37.7,2.2,3
Philippines,2001,3.8,990.6,68.8,36.9,2.1,3
Philippines,2002,3.7,1036.2,68.9,36.2,2.1,3
Philippines,2003,3.7,1048,68.9,35.5,2.1,3
Portugal,1968,3.1,719.1,66.4,75.3,-0.4,5
Portugal,1969,3.1,795.8,66.8,72.3,-0.9,5
Portugal,1970,3,934.1,67.1,68.2,-0.9,5
Portugal,1971,3,1064.5,66.8,63.2,-0.4,5
Portugal,1972,2.9,1302.3,68.3,57.9,-0.2,5
Portugal,1973,2.8,1748,67.5,52.7,0,6
Portugal,1974,2.7,2000.4,68,47.8,1.4,6
Portugal,1975,2.8,2127.6,68.3,43.5,3.8,3
Portugal,1976,2.8,2173.3,68.9,39.5,2.8,3
Portugal,1977,2.7,2267.4,70,35.7,1.1,2
Portugal,1978,2.5,2457.3,70.3,32.3,1.1,2
Portugal,1979,2.3,2755.6,71.2,29.6,1.1,2
Portugal,1980,2.3,3368.4,71.2,27.5,1.1,2
Portugal,1981,2.1,3246,71.6,25.8,0.9,2
Portugal,1982,2.1,3079.9,72.4,24.3,0.6,2
Portugal,1983,2,2735.5,72.3,22.8,0.5,2
Portugal,1984,1.9,2522.7,72.5,21.5,0.4,2
Portugal,1985,1.7,2705.2,72.8,20.4,0.3,2
Portugal,1986,1.7,3861.9,73.3,19.3,0.1,2
Portugal,1987,1.6,4803.9,73.7,18.2,0,2
Portugal,1988,1.6,5623.7,73.7,17,-0.1,2
Portugal,1989,1.6,6056.4,74.3,15.9,-0.1,2
Portugal,1990,1.6,7884.6,74,14.7,-0.2,2
Portugal,1991,1.6,8959,74,13.6,-0.2,1
Portugal,1992,1.5,10810.6,74.3,12.5,-0.1,1
Portugal,1993,1.5,9534.7,74.5,11.4,0.1,1
Portugal,1994,1.5,9977.3,74.9,10.5,0.3,1
Portugal,1995,1.4,11781.4,75.3,9.7,0.3,1
Portugal,1996,1.4,12185.1,75.3,9.1,0.4,1
Portugal,1997,1.5,11575.5,75.4,8.6,0.4,1
Portugal,1998,1.5,12199.2,75.7,8.2,0.5,1
Portugal,1999,1.5,12471.1,76,7.7,0.6,1
Portugal,2000,1.6,11497.8,76.3,7.2,0.7,1
Portugal,2001,1.5,11724.6,76.8,6.6,0.7,1
Portugal,2002,1.5,12875.3,77.1,6.1,0.5,1
Portugal,2003,1.4,15763,77.2,5.5,0.4,1
Qatar,1968,7,2755.6,66.9,70.8,7.7,6
Qatar,1969,6.9,2755.6,67.6,70.8,7.9,6
Qatar,1970,6.9,2755.6,68.2,66.2,8.2,6
Qatar,1971,6.9,3246.7,68.7,61.8,8.6,6
Qatar,1972,6.8,3909.9,69.2,57.7,8.9,6
Qatar,1973,6.7,5583.6,69.8,54,8.6,5
Qatar,1974,6.6,15631.7,70.3,50.6,7.7,5
Qatar,1975,6.5,15292.6,70.7,47.6,6.7,5
Qatar,1976,6.3,18906.2,71.2,44.8,5.6,5
Qatar,1977,6.2,19842,71.6,42.4,4.8,5
Qatar,1978,6.1,21110,72.1,40.1,5.1,5
Qatar,1979,5.9,27455,72.5,38.2,6.7,5
Qatar,1980,5.8,35010.4,72.9,36.3,8.6,5
Qatar,1981,5.7,34926.7,73.2,34.6,10.3,5
Qatar,1982,5.5,27402.3,73.6,33,11.1,5
Qatar,1983,5.3,20910.5,73.9,31.5,10.9,5
Qatar,1984,5.1,19645.3,74.2,29.9,9.8,5
Qatar,1985,4.9,16590.8,74.5,28.4,8.3,5
Qatar,1986,4.7,12704.4,74.8,26.8,7,5
Qatar,1987,4.5,12901.5,75.1,25.3,6,5
Qatar,1988,4.3,13611.4,75.3,23.8,5,5
Qatar,1989,4.2,14052.6,75.6,22.3,4,5
Qatar,1990,4,15454.2,75.8,20.8,3.1,5
Qatar,1991,3.9,14124.3,76,19.5,2.3,5
Qatar,1992,3.8,15434.2,76.2,18.2,1.6,6
Qatar,1993,3.7,14271,76.4,17.1,1.2,6
Qatar,1994,3.6,14544,76.6,16.1,1.1,6
Qatar,1995,3.6,15849.6,76.8,15.3,1.3,6
Qatar,1996,3.5,17337.4,76.9,14.6,1.8,6
Qatar,1997,3.5,21104.8,77.1,14,2.4,6
Qatar,1998,3.4,18593.4,77.2,13.5,3,6
Qatar,1999,3.3,21723.8,77.3,13,3.4,6
Qatar,2000,3.2,29976.2,77.5,12.5,3.8,6
Qatar,2001,3.1,28517.2,77.6,12,3.7,6
Qatar,2002,3,30214.7,77.8,11.6,4.1,6
Qatar,2003,2.9,34517.6,77.9,11.2,6.2,6
Saudi Arabia,1968,7.3,777.3,50.8,159.7,3.6,6
Saudi Arabia,1969,7.3,801,51.7,159.7,3.9,6
Saudi Arabia,1970,7.3,921.3,52.7,159.7,4.1,6
Saudi Arabia,1971,7.3,1177.7,53.8,159.7,4.4,6
Saudi Arabia,1972,7.3,1511.7,54.9,159.7,4.7,6
Saudi Arabia,1973,7.3,2227,56,149.5,4.9,6
Saudi Arabia,1974,7.3,6437.4,57.1,139.8,5,6
Saudi Arabia,1975,7.3,6304.1,58.1,131,5,6
Saudi Arabia,1976,7.3,8202.8,59.2,122.3,5,6
Saudi Arabia,1977,7.3,9038.9,60.2,114.4,5.1,6
Saudi Arabia,1978,7.3,9282.7,61.1,106.8,5.2,6
Saudi Arabia,1979,7.3,12241.3,62,99.7,5.5,6
Saudi Arabia,1980,7.2,16978,62.9,93.1,5.9,6
Saudi Arabia,1981,7.1,17872,63.7,86.8,6.2,6
Saudi Arabia,1982,7,13945,64.4,80.9,6.4,6
Saudi Arabia,1983,6.9,11039.2,65.1,75.3,6.3,7
Saudi Arabia,1984,6.8,9632.5,65.8,70,6,7
Saudi Arabia,1985,6.6,7919.7,66.4,65,5.5,7
Saudi Arabia,1986,6.5,6304.3,67,60.4,5,7
Saudi Arabia,1987,6.3,5932.3,67.6,56,4.6,7
Saudi Arabia,1988,6.2,5856.4,68.1,51.8,4.2,7
Saudi Arabia,1989,6.1,6086,68.6,47.9,3.9,6
Saudi Arabia,1990,5.9,7246,69.1,44.3,3.6,6
Saudi Arabia,1991,5.8,7883.2,69.5,41,3.3,6
Saudi Arabia,1992,5.6,7932.1,69.9,37.9,3,7
Saudi Arabia,1993,5.4,7485.5,70.3,35.2,2.7,7
Saudi Arabia,1994,5.2,7421.3,70.7,32.8,2.5,7
Saudi Arabia,1995,5,7690.6,71.1,30.5,2.3,7
Saudi Arabia,1996,4.8,8335.8,71.4,28.4,2.1,7
Saudi Arabia,1997,4.5,8551.7,71.8,26.6,1.9,7
Saudi Arabia,1998,4.3,7419.2,72.1,24.9,1.9,7
Saudi Arabia,1999,4.1,8008,72.3,23.4,2.1,7
Saudi Arabia,2000,4,9171.3,72.6,22,2.3,7
Saudi Arabia,2001,3.8,8684.6,72.8,20.7,2.6,7
Saudi Arabia,2002,3.7,8695.4,72.9,19.6,2.8,7
Saudi Arabia,2003,3.6,9610,73.1,18.5,2.9,7
South Africa,1968,5.8,711.2,51.6,130.5,2.6,5
South Africa,1969,5.7,780.6,52.1,130.5,2.6,5
South Africa,1970,5.7,834.6,52.6,130.5,2.6,5
South Africa,1971,5.6,897.1,53.2,130.5,2.7,5
South Africa,1972,5.5,917.4,53.7,130.5,2.7,5
South Africa,1973,5.4,1225.1,54.3,130.5,2.7,6
South Africa,1974,5.4,1499.1,54.9,130.5,2.6,5
South Africa,1975,5.3,1512.8,55.4,123.7,2.6,5
South Africa,1976,5.2,1416.7,56,117.2,2.5,5
South Africa,1977,5.1,1535.1,56.5,111.1,2.5,5
South Africa,1978,5.1,1722.2,57.1,105.4,2.5,6
South Africa,1979,5,2071.6,57.6,100,2.5,6
South Africa,1980,5,2905.8,58.1,95,2.6,6
South Africa,1981,4.9,2913.2,58.6,90.2,2.7,6
South Africa,1982,4.9,2601.1,59.2,85.8,2.7,6
South Africa,1983,4.9,2820.4,59.8,81.7,2.8,6
South Africa,1984,4.8,2429,60.4,77.9,2.7,6
South Africa,1985,4.7,1808,60.9,74.4,2.6,6
South Africa,1986,4.6,2015.8,61.5,71.1,2.5,6
South Africa,1987,4.5,2582.5,62.1,68.1,2.4,6
South Africa,1988,4.3,2711.5,62.6,65.3,2.3,6
South Africa,1989,4.1,2756.2,63,62.9,2.3,5
South Africa,1990,4,3140,63.3,60.9,2.4,4
South Africa,1991,3.8,3286,63.4,59.6,2.5,4
South Africa,1992,3.6,3479.1,63.2,58.9,2.5,4
South Africa,1993,3.4,3713.9,62.9,59.1,2.5,4
South Africa,1994,3.3,3784.4,62.3,60.1,2.3,3
South Africa,1995,3.1,4144.6,61.6,61.7,2.1,2
South Africa,1996,3,3864.4,60.6,63.8,1.9,2
South Africa,1997,2.9,3930.8,59.5,65.6,1.8,2
South Africa,1998,2.8,3502.2,58.3,67.8,1.6,2
South Africa,1999,2.8,3417.3,57.1,70,1.5,2
South Africa,2000,2.7,3374.7,56,71.5,1.4,2
South Africa,2001,2.7,2971.8,55.1,73.1,1.3,2
South Africa,2002,2.6,2797.1,54.3,74.3,1.3,2
South Africa,2003,2.6,4217.1,53.7,75.7,1.2,2
Spain,1968,2.9,950.5,71.5,23.6,1.3,5
Spain,1969,2.9,1077.7,71.1,23.6,1,5
Spain,1970,2.8,1212.3,72,23.6,1.1,5
Spain,1971,2.9,1362.2,71.6,23.6,1.2,5
Spain,1972,2.9,1708.8,72.8,23.6,1.1,5
Spain,1973,2.8,2247.6,72.6,23.6,1.1,6
Spain,1974,2.9,2749.9,73,23.6,1.1,6
Spain,1975,2.8,3209.8,73.3,21.8,1.1,5
Spain,1976,2.8,3279.3,73.6,20.2,1.1,5
Spain,1977,2.7,3627.6,74.1,18.7,1,3
Spain,1978,2.5,4356.4,74.3,17.3,1,3
Spain,1979,2.4,5770.2,74.8,16,0.9,2
Spain,1980,2.2,6208.6,75.3,14.9,0.8,2
Spain,1981,2,5371.2,75.5,13.9,0.7,3
Spain,1982,1.9,5159.7,76.1,13,0.6,3
Spain,1983,1.8,4478.5,75.9,12.3,0.5,2
Spain,1984,1.7,4490,76.3,11.7,0.4,2
Spain,1985,1.6,4699.7,76.3,11.1,0.4,2
Spain,1986,1.6,6513.5,76.5,10.7,0.3,2
Spain,1987,1.5,8239.6,76.7,10.3,0.3,2
Spain,1988,1.5,9703.1,76.7,9.9,0.2,2
Spain,1989,1.4,10682,76.8,9.5,0.2,1
Spain,1990,1.4,13804.9,76.8,9.1,0.1,1
Spain,1991,1.3,14811.9,77,8.7,0.3,1
Spain,1992,1.3,16112.2,77.4,8.3,0.5,1
Spain,1993,1.3,13339.9,77.5,7.8,0.5,2
Spain,1994,1.2,13415.3,77.9,7.4,0.5,2
Spain,1995,1.2,15472,78,6.9,0.4,2
Spain,1996,1.1,16109.1,78.1,6.5,0.4,2
Spain,1997,1.2,14730.8,78.6,6.1,0.4,2
Spain,1998,1.1,15394.4,78.7,5.8,0.4,2
Spain,1999,1.2,15715.3,78.7,5.6,0.4,2
Spain,2000,1.2,14713.1,79,5.4,0.4,2
Spain,2001,1.2,15355.7,79.4,5.3,0.7,2
Spain,2002,1.3,17025.5,79.6,5.1,1.4,1
Spain,2003,1.3,21463.4,79.6,5,1.8,1
Sri Lanka,1968,4.6,150.9,63.1,73.1,2.4,2
Sri Lanka,1969,4.5,160.9,63.6,71.4,2.3,2
Sri Lanka,1970,4.3,183.9,64.1,70.2,2.2,2
Sri Lanka,1971,4.2,185.9,64.5,69.4,2.1,2
Sri Lanka,1972,4.1,196.4,64.9,68.6,2,2
Sri Lanka,1973,4,217,65.3,67.6,1.9,3
Sri Lanka,1974,3.9,264.7,65.7,66.1,1.9,3
Sri Lanka,1975,3.8,275.6,66.1,64,1.9,3
Sri Lanka,1976,3.7,256.3,66.5,61.1,1.9,4
Sri Lanka,1977,3.6,287.6,66.9,57.6,1.8,3
Sri Lanka,1978,3.6,188.1,67.3,53.8,1.8,2
Sri Lanka,1979,3.5,227.5,67.8,49.9,1.7,3
Sri Lanka,1980,3.4,267.7,68.2,46.2,1.7,3
Sri Lanka,1981,3.3,289.1,68.5,43,1.6,3
Sri Lanka,1982,3.2,307.6,68.8,40,1.5,3
Sri Lanka,1983,3.1,328.7,69,36.8,1.4,4
Sri Lanka,1984,3,378.9,69.1,33.4,1.4,4
Sri Lanka,1985,2.9,369.6,69.1,30.2,1.4,4
Sri Lanka,1986,2.8,390.4,69.1,27.4,1.4,4
Sri Lanka,1987,2.7,401.5,69.1,25.2,1.4,4
Sri Lanka,1988,2.6,413.5,69.2,23.8,1.4,4
Sri Lanka,1989,2.5,408.5,69.4,27,1.3,5
Sri Lanka,1990,2.5,463.6,69.5,22.8,1.3,5
Sri Lanka,1991,2.4,513.3,69.6,22.4,1.2,5
Sri Lanka,1992,2.4,547.1,69.6,22,1.1,5
Sri Lanka,1993,2.4,576.8,69.6,21.4,1.1,5
Sri Lanka,1994,2.3,647.6,69.4,20.7,0.9,5
Sri Lanka,1995,2.3,714.2,69.3,19.9,0.8,5
Sri Lanka,1996,2.3,756.7,69.2,19.2,0.7,5
Sri Lanka,1997,2.3,817.1,69.4,18.5,0.6,4
Sri Lanka,1998,2.2,850.8,69.8,17.8,0.5,4
Sri Lanka,1999,2.2,838.9,70.5,17.1,0.5,4
Sri Lanka,2000,2.2,869.7,71.3,16.5,0.6,4
Sri Lanka,2001,2.2,832.8,72.2,16,0.7,4
Sri Lanka,2002,2.3,867.5,73.1,15.5,0.8,4
Sri Lanka,2003,2.3,982.2,73.8,15.1,0.8,3
Sudan,1968,6.9,150,51.5,159.1,3.2,6
Sudan,1969,6.9,160.4,51.9,158,3.2,6
Sudan,1970,6.9,177,52.2,156.9,3.2,6
Sudan,1971,6.9,187.1,52.6,156,3.3,6
Sudan,1972,6.9,196.9,52.9,155.1,3.3,6
Sudan,1973,6.9,236.6,53.2,154.2,3.3,6
Sudan,1974,6.9,295,53.4,153.3,3.4,6
Sudan,1975,6.9,348,53.6,152.4,3.4,6
Sudan,1976,6.9,419.9,53.8,151.3,3.5,6
Sudan,1977,6.9,506.7,53.9,150.2,3.6,6
Sudan,1978,6.9,431.8,54.1,149,3.6,5
Sudan,1979,6.9,491.6,54.2,147.9,3.6,5
Sudan,1980,6.8,392.4,54.3,146.7,3.5,5
Sudan,1981,6.7,509.1,54.3,145.7,3.5,5
Sudan,1982,6.7,453.8,54.4,144.6,3.5,5
Sudan,1983,6.6,390.8,54.5,187.8,3.4,5
Sudan,1984,6.5,445.9,54.6,185.4,3.4,6
Sudan,1985,6.5,553,54.8,182.9,3.3,6
Sudan,1986,6.4,683.1,54.9,139.4,3.1,5
Sudan,1987,6.3,849.6,55,137.7,3,5
Sudan,1988,6.3,632.3,55.2,135.8,3,5
Sudan,1989,6.2,611.9,55.3,133.8,3.2,7
Sudan,1990,6.2,484,55.5,131.7,3.4,7
Sudan,1991,6.1,432.5,55.7,129.4,3.6,7
Sudan,1992,6,260.5,55.9,127.1,3.8,7
Sudan,1993,6,320.5,56.1,124.7,3.8,7
Sudan,1994,5.9,449.7,56.4,122.2,3.5,7
Sudan,1995,5.8,473.4,56.7,119.6,3.2,7
Sudan,1996,5.8,300.6,57,116.9,2.8,7
Sudan,1997,5.7,379,57.4,114,2.5,7
Sudan,1998,5.6,355.2,57.7,110.9,2.3,7
Sudan,1999,5.5,328.1,58.1,107.7,2.3,7
Sudan,2000,5.5,366.2,58.5,104.3,2.4,7
Sudan,2001,5.4,456.6,58.9,100.9,2.5,7
Sudan,2002,5.3,512.4,59.3,97.4,2.6,7
Sudan,2003,5.3,586.8,59.7,94.2,2.6,7
Sweden,1968,2.1,3926.4,74,14.4,0.6,1
Sweden,1969,1.9,4234.2,74.1,13.9,0.7,1
Sweden,1970,1.9,4736.2,74.6,13.4,0.9,1
Sweden,1971,2,5132.7,74.6,12.9,0.7,1
Sweden,1972,1.9,6027.1,74.7,12.3,0.3,1
Sweden,1973,1.9,7301.2,74.9,11.6,0.2,1
Sweden,1974,1.9,8089.9,75,11,0.3,1
Sweden,1975,1.8,10117.3,75,10.4,0.4,1
Sweden,1976,1.7,10868.3,75,9.8,0.4,1
Sweden,1977,1.6,11448.6,75.4,9.4,0.4,1
Sweden,1978,1.6,12620.5,75.5,9,0.3,1
Sweden,1979,1.7,14877.2,75.5,8.7,0.2,1
Sweden,1980,1.7,17097.8,75.7,8.4,0.2,1
Sweden,1981,1.6,15586.4,76,8.2,0.1,1
Sweden,1982,1.6,13739,76.3,8,0.1,1
Sweden,1983,1.6,12608.2,76.6,7.8,0,1
Sweden,1984,1.7,13099,76.8,7.7,0.1,1
Sweden,1985,1.7,13666.9,76.7,7.6,0.2,1
Sweden,1986,1.8,17981,76.9,7.5,0.2,1
Sweden,1987,1.8,21792.6,77.1,7.4,0.3,1
Sweden,1988,2,24534.7,77,7.3,0.5,1
Sweden,1989,2,25662.2,77.7,7.2,0.7,1
Sweden,1990,2.1,30593.7,77.5,7,0.8,1
Sweden,1991,2.1,31822.8,77.7,6.6,0.7,1
Sweden,1992,2.1,32801,78,6.2,0.6,1
Sweden,1993,2,24425.3,78.1,5.7,0.6,1
Sweden,1994,1.9,26083.6,78.7,5.2,0.7,1
Sweden,1995,1.7,30283,78.7,4.8,0.5,1
Sweden,1996,1.6,32999,79,4.5,0.2,1
Sweden,1997,1.5,30312.5,79.2,4.3,0.1,1
Sweden,1998,1.5,30596.5,79.3,4.2,0.1,1
Sweden,1999,1.5,30941.1,79.4,4.1,0.1,1
Sweden,2000,1.5,29624.9,79.6,4.1,0.2,1
Sweden,2001,1.6,27247.9,79.8,4.1,0.3,1
Sweden,2002,1.7,29899.2,79.8,4,0.3,1
Sweden,2003,1.7,37321.8,80.1,3.9,0.4,1
Switzerland,1968,2.3,3121.9,72.6,19.9,1.3,1
Switzerland,1969,2.2,3344.8,72.6,19.2,1.1,1
Switzerland,1970,2.1,19410.2,73,18.4,0.7,1
Switzerland,1971,2,19410.2,73.1,17.6,0.5,1
Switzerland,1972,1.9,19410.2,73.6,16.7,0.8,1
Switzerland,1973,1.8,19410.2,73.9,15.8,0.7,1
Switzerland,1974,1.7,19410.2,74.3,14.8,0.5,1
Switzerland,1975,1.6,19410.2,74.7,13.8,0,1
Switzerland,1976,1.6,19410.2,74.8,12.9,-0.6,1
Switzerland,1977,1.5,19410.2,75.2,12.1,-0.3,1
Switzerland,1978,1.5,19410.2,75.2,11.4,0,1
Switzerland,1979,1.5,19410.2,75.5,10.9,0.2,1
Switzerland,1980,1.6,19410.2,75.5,10.4,0.4,1
Switzerland,1981,1.6,17679.9,75.7,10,0.5,1
Switzerland,1982,1.6,18015.1,76,9.7,0.6,1
Switzerland,1983,1.5,17874.3,76,9.4,0.4,1
Switzerland,1984,1.5,17005.5,76.6,9.2,0.4,1
Switzerland,1985,1.5,17166.5,76.7,9,0.4,1
Switzerland,1986,1.5,24480.4,76.9,8.9,0.5,1
Switzerland,1987,1.5,30466.1,77.2,8.8,0.6,1
Switzerland,1988,1.6,32717.9,77.2,8.6,0.7,1
Switzerland,1989,1.6,31335,77.4,8.4,0.8,1
Switzerland,1990,1.6,39607.8,77.2,8.2,1,1
Switzerland,1991,1.6,39577.7,77.5,7.8,1.2,1
Switzerland,1992,1.6,40747.9,77.8,7.5,1.1,1
Switzerland,1993,1.5,39270.1,78.1,7.1,0.9,1
Switzerland,1994,1.5,43128,78.4,6.7,0.8,1
Switzerland,1995,1.5,50156,78.4,6.4,0.7,1
Switzerland,1996,1.5,48144.6,78.9,6.2,0.4,1
Switzerland,1997,1.5,41631.4,79.1,6,0.2,1
Switzerland,1998,1.5,42740.1,79.3,5.8,0.3,1
Switzerland,1999,1.5,41786.2,79.6,5.7,0.5,1
Switzerland,2000,1.5,38952,79.7,5.6,0.6,1
Switzerland,2001,1.4,39727.8,80.2,5.5,0.6,1
Switzerland,2002,1.4,42578.8,80.4,5.4,0.8,1
Switzerland,2003,1.4,49470.4,80.5,5.3,0.7,1
Turkey,1968,5.8,526.2,51.1,198.8,2.4,3
Turkey,1969,5.7,571.6,51.7,192.9,2.4,3
Turkey,1970,5.6,489.9,52.3,187.2,2.4,3
Turkey,1971,5.5,455.1,52.9,181.5,2.4,3
Turkey,1972,5.4,558.4,53.5,175.8,2.4,3
Turkey,1973,5.3,686.5,54.1,170,2.4,4
Turkey,1974,5.2,927.8,54.7,164.1,2.4,4
Turkey,1975,5.1,1136.4,55.4,158.1,2.3,3
Turkey,1976,4.9,1276,56,152.1,2.3,3
Turkey,1977,4.8,1427.4,56.7,146.1,2.3,3
Turkey,1978,4.7,1549.6,57.4,140.1,2.2,3
Turkey,1979,4.5,2079.2,58,134,2.2,3
Turkey,1980,4.4,1564.2,58.7,127.9,2.3,3
Turkey,1981,4.3,1579.1,59.3,121.8,2.3,5
Turkey,1982,4.2,1402.4,59.9,115.8,2.3,5
Turkey,1983,4,1310.3,60.5,109.9,2.3,5
Turkey,1984,3.9,1246.8,61.1,104.1,2.2,5
Turkey,1985,3.7,1368.4,61.7,98.6,2.1,5
Turkey,1986,3.6,1510.7,62.2,93.3,2,4
Turkey,1987,3.5,1705.9,62.8,88.2,1.9,4
Turkey,1988,3.3,1745.4,63.3,83.3,1.8,4
Turkey,1989,3.2,2021.9,63.8,78.6,1.8,3
Turkey,1990,3.1,2794.4,64.3,74.2,1.7,4
Turkey,1991,3,2735.7,64.8,69.8,1.7,4
Turkey,1992,2.9,2842.4,65.3,65.6,1.6,4
Turkey,1993,2.9,3180.2,65.8,61.5,1.6,4
Turkey,1994,2.8,2270.3,66.4,57.6,1.6,5
Turkey,1995,2.8,2897.9,67,53.9,1.6,5
Turkey,1996,2.7,3053.9,67.6,50.4,1.6,5
Turkey,1997,2.7,3144.4,68.2,47,1.6,5
Turkey,1998,2.6,4499.7,68.8,43.8,1.6,5
Turkey,1999,2.6,4116.2,69.4,40.8,1.5,5
Turkey,2000,2.5,4337.5,70,37.9,1.5,5
Turkey,2001,2.5,3142.9,70.6,35.3,1.5,5
Turkey,2002,2.4,3688,71.1,32.7,1.5,4
Turkey,2003,2.4,4760.1,71.6,30.4,1.4,4
United Arab Emirates,1968,6.8,26848.1,59.4,116.8,7.3,7
United Arab Emirates,1969,6.7,26848.1,60.3,106.9,10.6,7
United Arab Emirates,1970,6.7,26848.1,61.2,97.4,14.4,7
United Arab Emirates,1971,6.6,26848.1,62.1,88.4,16.8,7
United Arab Emirates,1972,6.5,26848.1,62.9,80.1,17.6,7
United Arab Emirates,1973,6.4,26848.1,63.8,72.6,17.6,5
United Arab Emirates,1974,6.2,26848.1,64.5,65.7,16.9,5
United Arab Emirates,1975,6.1,26848.1,65.2,59.4,16,5
United Arab Emirates,1976,6,30117.9,65.9,53.6,15.1,5
United Arab Emirates,1977,5.8,33823.2,66.5,48.3,14.2,5
United Arab Emirates,1978,5.7,28457.1,67.1,43.5,12.8,5
United Arab Emirates,1979,5.6,33512.6,67.7,39.2,10.9,5
United Arab Emirates,1980,5.5,42764.5,68.2,35.3,9,5
United Arab Emirates,1981,5.4,44987.5,68.7,32,7.3,5
United Arab Emirates,1982,5.4,40025.8,69.2,29.1,6,5
United Arab Emirates,1983,5.3,34843.2,69.6,26.7,5.3,5
United Arab Emirates,1984,5.2,32309.8,70,24.6,5.2,5
United Arab Emirates,1985,5.1,29720.9,70.4,22.7,5.4,5
United Arab Emirates,1986,5,23467.9,70.7,21.2,5.7,5
United Arab Emirates,1987,4.9,23726.3,71,19.8,5.9,5
United Arab Emirates,1988,4.8,22295.1,71.4,18.6,5.9,5
United Arab Emirates,1989,4.6,24028.3,71.7,17.5,5.9,5
United Arab Emirates,1990,4.5,27729.4,71.9,16.5,5.8,5
United Arab Emirates,1991,4.3,26612.3,72.2,15.7,5.8,5
United Arab Emirates,1992,4,26420.9,72.5,14.9,5.8,5
United Arab Emirates,1993,3.8,25596.7,72.7,14.2,5.7,5
United Arab Emirates,1994,3.6,25848,73,13.6,5.4,5
United Arab Emirates,1995,3.4,27221.9,73.2,13.1,5.1,5
United Arab Emirates,1996,3.2,28975.1,73.4,12.6,5,5
United Arab Emirates,1997,3.1,29512.7,73.7,12.2,5.1,5
United Arab Emirates,1998,2.9,26899.6,73.9,11.8,5.2,5
United Arab Emirates,1999,2.8,28470.9,74.1,11.5,5.3,5
United Arab Emirates,2000,2.6,33291.4,74.3,11.1,5.5,5
United Arab Emirates,2001,2.5,31280.8,74.5,10.9,5.2,5
United Arab Emirates,2002,2.4,31567.5,74.8,10.6,5.2,5
United Arab Emirates,2003,2.3,33499.1,75,10.3,6.5,6
United States,1968,2.5,4695.9,70,24.9,1,1
United States,1969,2.5,5032.1,70.5,24.1,1,1
United States,1970,2.5,5234.3,70.8,23.2,1.2,1
United States,1971,2.3,5609.4,71.1,22.4,1.3,1
United States,1972,2,6094,71.2,21.5,1.1,1
United States,1973,1.9,6726.4,71.4,20.6,1,1
United States,1974,1.8,7225.7,72,19.7,0.9,1
United States,1975,1.8,7801.5,72.6,18.8,1,1
United States,1976,1.7,8592.3,72.9,17.9,1,1
United States,1977,1.8,9452.6,73.3,17.1,1,1
United States,1978,1.8,10564.9,73.4,16.3,1.1,1
United States,1979,1.8,11674.2,73.8,15.6,1.1,1
United States,1980,1.8,12574.8,73.6,15,1,1
United States,1981,1.8,13976.1,74,14.4,1,1
United States,1982,1.8,14433.8,74.4,13.9,1,1
United States,1983,1.8,15543.9,74.5,13.4,0.9,1
United States,1984,1.8,17121.2,74.6,13,0.9,1
United States,1985,1.8,18236.8,74.6,12.7,0.9,1
United States,1986,1.8,19071.2,74.6,12.4,0.9,1
United States,1987,1.9,20038.9,74.8,12.1,0.9,1
United States,1988,1.9,21417,74.8,11.9,0.9,1
United States,1989,2,22857.2,75,11.6,0.9,1
United States,1990,2.1,23888.6,75.2,11.2,1.1,1
United States,1991,2.1,24342.3,75.4,10.9,1.3,1
United States,1992,2,25419,75.6,10.5,1.4,1
United States,1993,2,26387.3,75.4,10.1,1.3,1
United States,1994,2,27694.9,75.6,9.8,1.2,1
United States,1995,2,28690.9,75.6,9.5,1.2,1
United States,1996,2,29967.7,76,9.2,1.2,1
United States,1997,2,31459.1,76.4,8.9,1.2,1
United States,1998,2,32853.7,76.6,8.8,1.2,1
United States,1999,2,34513.6,76.6,8.6,1.1,1
United States,2000,2.1,36334.9,76.6,8.4,1.1,1
United States,2001,2,37133.2,76.8,8.3,1,1
United States,2002,2,38023.2,76.9,8.2,0.9,1
United States,2003,2,39496.5,77,8.1,0.9,1
Uruguay,1968,2.8,574.3,68.6,56.2,0.9,3
Uruguay,1969,2.9,717.1,68.6,55.2,0.7,3
Uruguay,1970,2.9,760.6,68.6,54,0.5,3
Uruguay,1971,2.9,996.1,68.7,53.1,0.3,3
Uruguay,1972,3,776,68.7,53.2,0.1,3
Uruguay,1973,3,1404.7,68.8,54,0,4
Uruguay,1974,3,1448.3,68.9,54.9,0.1,5
Uruguay,1975,3,1250.2,69.1,55.2,0.2,5
Uruguay,1976,3,1290.6,69.3,54.4,0.4,5
Uruguay,1977,2.9,1440.2,69.5,52.1,0.5,6
Uruguay,1978,2.9,1707.5,69.7,48.5,0.7,6
Uruguay,1979,2.8,2480,70,44.1,0.7,6
Uruguay,1980,2.7,3486,70.3,39.6,0.7,6
Uruguay,1981,2.7,3764.8,70.5,35.8,0.7,5
Uruguay,1982,2.6,3107.4,70.8,32.9,0.7,5
Uruguay,1983,2.6,1716.2,71.1,30.9,0.6,4
Uruguay,1984,2.5,1620.9,71.3,29.5,0.6,4
Uruguay,1985,2.5,1571.3,71.6,28.5,0.6,2
Uruguay,1986,2.5,1940.2,71.8,27.4,0.6,2
Uruguay,1987,2.5,2415.9,72,26.2,0.6,2
Uruguay,1988,2.5,2676.5,72.2,25,0.6,2
Uruguay,1989,2.5,2732.3,72.4,23.8,0.6,2
Uruguay,1990,2.5,2990.4,72.6,22.9,0.7,2
Uruguay,1991,2.5,3578.3,72.8,22.2,0.7,2
Uruguay,1992,2.5,4082.5,73,21.7,0.7,2
Uruguay,1993,2.5,4721,73.2,21.3,0.7,2
Uruguay,1994,2.4,5458.9,73.4,21,0.7,2
Uruguay,1995,2.4,5985.1,73.6,20.5,0.7,2
Uruguay,1996,2.4,6317.6,73.9,19.9,0.7,2
Uruguay,1997,2.3,7329.9,74.1,19.1,0.7,2
Uruguay,1998,2.3,7713.6,74.3,18.3,0.6,2
Uruguay,1999,2.3,7250.3,74.5,17.5,0.5,2
Uruguay,2000,2.2,6875,74.7,17,0.4,1
Uruguay,2001,2.2,6284.5,74.9,16.5,0.2,1
Uruguay,2002,2.2,4090.9,75.2,16.2,0,1
Uruguay,2003,2.2,3624.2,75.4,15.7,-0.1,1
